long,lat,name,info,a,b,c,d,e,f
-149.885365,61.163949,Grainger #007 7:30 AM - 5:00 PM Alaska (Monday - Friday),(907) 562-5400,6240 B St Anchorage AK,99518 USA
-86.839968,33.444055,Grainger #080 7:30 AM - 5:00 PM Central (Monday - Friday),(205) 942-6741,185 W Oxmoor Rd,Birmingham,AL,35209,USA
-86.7818441,33.5257802,Grainger #081 7:30 AM - 5:00 PM Central (Monday - Friday),(205) 254-9050,3735 First Ave N,Birmingham,AL,35222,USA
-87.055071,34.619014,Grainger #363 7:30 AM - 5:00 PM Central (Monday - Friday),(256) 350-0408,3090 Highway 20,Decatur,AL,35601,USA
-86.631292,34.746643,Grainger #364 7:30 AM - 5:00 PM Central (Monday - Friday),(256) 830-2150,1912 Jordan Lane NW,Huntsville,AL,35816,USA
-88.132569,30.663873,Grainger #504 7:30 AM - 5:00 PM Central (Monday - Friday),(251) 661-1035,1241 Montlimar Dr,Mobile,AL,36609,USA
-86.210694,32.398004,Grainger #507 7:30 AM - 5:00 PM Central (Monday - Friday),(334) 270-0707,541 George Todd Dr,Montgomery,AL,36117,USA
-94.3937798,35.3054245,Grainger #294 7:30 AM - 5:00 PM Central (Monday - Friday),(479) 646-6091,3807 Planters Rd,Ft. Smith,AR,72908,USA
-90.628639,35.821405,Grainger #474 7:30 AM - 5:00 PM Central (Monday - Friday),(870) 972-8677,5304 E Highland Dr,Jonesboro,AR,72401,USA
-92.313334,34.693306,Grainger #432 7:30 AM - 5:00 PM Central (Monday - Friday),(501) 568-7800,6100 Murray St,Little Rock,AR,72209,USA
-94.116574,36.173699,Grainger #802 7:30 AM - 5:00 PM Central (Monday - Friday),(479) 756-2999,1205 S Old Missouri Rd,Springdale,AR,72764,USA
-111.8148028,33.3785988,Grainger #605 6:30 AM - 5:00 PM Mountain (Monday - Friday),(480) 308-7980,775 E Baseline Rd,Gilbert,AZ,85233,USA
-112.102689,33.676997,Grainger #602 6:30 AM - 5:00 PM Pacific (Monday - Friday),(623) 581-0017,2002 W Rose Garden Lane,Phoenix,AZ,85027,USA
-111.9853048,33.4071719,Grainger #604 6:30 AM - 5:00 PM Mountain (Monday - Friday),(480) 966-9797,4465 E Broadway Rd,Phoenix,AZ,85040,USA
-112.1692075,33.4582297,Grainger #600 6:30 AM - 5:00 PM Mountain (Monday - Friday),(602) 269-3115,960 N 51st Ave,Phoenix,AZ,85043,USA
-110.912752,32.1848,Grainger #868 7:00 AM - 5:00 PM Pacific (Monday - Friday),(520) 745-8200,3415 S Dodge Blvd,Tucson,AZ,85713,USA
-117.904905,33.817596,Grainger #442 7:00 AM - 5:00 PM Pacific (Monday - Friday),(714) 776-8514,310 E Ball Rd,Anaheim,CA,92805 USA
-119.0467022,35.3698727,Grainger #054 7:00 AM - 5:00 PM Pacific (Monday - Friday),(661) 327-4651,3900 Easton Dr,Bakersfield,CA,93309,USA
-122.291845,37.851065,Grainger #563 7:00 AM - 5:00 PM Pacific (Monday - Friday),(510) 540-5300,2950 Seventh St,Berkeley,CA,94710,USA
-118.354171,34.207878,Grainger #450 7:00 AM - 4:30 PM Pacific (Monday - Friday),(818) 253-7970,7565 N Lockheed Dr,Burbank,CA,91505,USA
-122.3663556,37.5908988,Grainger #729 7:00 AM - 5:00 PM Pacific (Monday - Friday),(650) 581-7508,1360 Rollins Rd,Burlingame,CA,94010,USA
-120.970737,37.601971,Grainger #506 7:00 AM - 4:30 PM Pacific (Monday - Friday),(209) 541-1905,1910 Rockefeller Dr,Ceres,CA,95307,USA
-117.707302,34.004021,Grainger #444 7:00 AM - 5:00 PM Pacific (Monday - Friday),(909) 664-9700,13710 Ramona Ave,Chino,CA,91710,USA
-117.093328,32.605255,Grainger #720 7:00 AM - 5:00 PM Pacific (Monday - Friday),(619) 575-2025,1150 Bay Blvd,Chula Vista,CA,91911,USA
-121.313256,38.705246,Grainger #673 7:00 AM - 5:00 PM Pacific (Monday - Friday),(916) 728-2770,6412 Tupelo Dr #G,Citrus Heights,CA,95621,USA
-118.24075,33.875432,Grainger #445 7:00 AM - 5:00 PM Pacific (Monday - Friday),(866) 486-7865,1050 W Walnut St,Compton,CA,90220,USA
-122.034706,38.010311,Grainger #562 7:00 AM - 5:00 PM Pacific (Monday - Friday),(925) 686-6654,2288 Pike Ct,Concord,CA,94520 USA
-116.9626437,32.810333,Grainger #722 7:00 AM - 5:00 PM Pacific (Monday - Friday),(619) 442-9822,1080 N Magnolia Ave,El Cajon,CA,92020,USA
-119.801183,36.733956,Grainger #312 7:00 AM - 5:00 PM Pacific (Monday - Friday),(559) 233-5707,1335 Tuolumne St,Fresno,CA,93706,USA
-118.0016003,33.7749959,Grainger #303 7:30 AM - 4:00 PM Pacific (Monday - Friday),(866) 613-7214,12871 Western Ave - Suite A,Garden Grove,CA,92841,USA
-122.0661406,37.6178569,Grainger #564 7:00 AM - 5:00 PM Pacific (Monday - Friday),(510) 670-1095,1617 Industrial Parkway W,Hayward,CA,94544,USA
-118.369448,33.93774,Grainger #452 7:00 AM - 5:00 PM Pacific (Monday - Friday),(866) 486-7865,10804 S La Cienega Blvd,Inglewood,CA,90304,USA
-117.995112,34.080113,Grainger #457 7:00 AM - 5:00 PM Pacific (Monday - Friday),(626) 337-7668,12780 Schabarum Ave,Irwindale,CA,91706,USA
-118.156552,33.8095,Grainger #461 7:00 AM - 5:00 PM Pacific (Monday - Friday),(562) 637-1173,3090 E Airport Way,Long Beach,CA,90806,USA
-118.238245,34.0393043,Grainger #449 7:00 AM - 5:00 PM Pacific (Monday - Friday),(888) 486-7865,570 S Alameda St,Los Angeles,CA,90013,USA
-118.5707506,34.2327388,Grainger #443 7:00 AM - 5:00 PM Pacific (Monday - Friday),(818) 341-2808,8930 Winnetka Ave,Northridge,CA,91324,USA
-119.142852,34.201439,Grainger #446 7:00 AM - 5:00 PM Pacific (Monday - Friday),(805) 201-3800,101 S Rice Ave,Oxnard,CA,93030,USA
-117.543649,34.086135,Grainger #439 7:00 AM - 5:00 PM Pacific (Monday - Friday),(909) 664-9700,9220 Hyssop Dr,Rancho Cucamonga,CA,91730,USA
-117.337106,34.002117,Grainger #441 7:00 AM - 5:00 PM Pacific (Monday - Friday),(951) 787-1960,1151 E Columbia Ave,Riverside,CA,92507,USA
-122.711695,38.355129,Grainger #742 7:00 AM - 5:00 PM Pacific (Monday - Friday),(707) 584-9211,5760 Commerce Blvd,Rohnert Park,CA,94928,USA
-121.6300275,36.6481481,Grainger #693 7:00 AM - 5:00 PM Pacific (Monday - Friday),(831) 757-0991,1334 Dayton St,Salinas,CA,93901,USA
-122.2669775,37.517444,Grainger #735 7:00 AM - 5:00 PM Pacific (Monday - Friday),(650) 591-7200,401 Quarry Rd,San Carlos,CA,94070,USA
-117.150192,32.8303889,Grainger #723 7:00 AM - 4:30 PM Pacific (Monday - Friday),(858) 278-5120,8001 Raytheon Rd,San Diego,CA,92111,USA
-117.0732307,32.7789676,Grainger #725 6:00 AM - 4:00 PM Pacific (Monday - Friday),(619) 287-2341,5500 Canyon Crest Dr,San Diego,CA,92182,USA
-122.402405,37.773836,Grainger #731 7:00 AM - 5:00 PM Pacific (Monday - Friday),(415) 864-4700,750 Brannan St,San Francisco,CA,94103,USA
-121.89924,37.400294,Grainger #732 7:00 AM - 5:00 PM Pacific (Monday - Friday),(408) 432-8200,2261 Ringwood Ave,San Jose,CA,95131,USA
-122.193237,37.721961,Grainger #560 7:00 AM - 5:00 PM Pacific (Monday - Friday),(510) 638-1100,444 Doolittle Dr,San Leandro,CA,94577,USA
-117.195561,33.136602,Grainger #721 7:00 AM - 5:00 PM Pacific (Monday - Friday),(760) 471-0400,1321 Linda Vista Dr,San Marcos,CA,92078,USA
-122.5016939,37.9588875,Grainger #743 7:00 AM - 4:00 PM Pacific (Monday - Friday),(415) 459-4112,3195 Kerner Blvd,San Rafael,CA,94901,USA
-117.844977,33.713078,Grainger #468 7:00 AM - 5:00 PM Pacific (Monday - Friday),(949) 255-5669,2401 Pullman St,Santa Ana,CA,92705,USA
-118.074304,33.944794,Grainger #463 7:00 AM - 5:00 PM Pacific (Monday - Friday),(562) 944-4628,10137 S Norwalk Blvd.,Santa Fe Springs,CA,90670,USA
-121.229103,37.934573,Grainger #814 7:00 AM - 5:00 PM Pacific (Monday - Friday),(209) 466-2036,2501 Stagecoach Rd,Stockton,CA,95215,USA
-121.9967401,37.3825907,Grainger #733 7:00 AM - 5:00 PM Pacific (Monday - Friday),(408) 470-1710,1190 Kern Ave,Sunnyvale,CA,94085,USA
-118.2981951,33.8185271,Grainger #672 7:00 AM - 5:00 PM Pacific (Monday - Friday),(916) 372-7800,3691 Industrial Blvd,West Sacramento,CA,95691,USA
-105.245467,40.020007,Grainger #214 7:00 AM - 5:00 PM Mountain (Monday - Friday),(303) 998-0275,3825 Walnut St - Suite 100,Boulder,CO,80301,USA
-104.844994,39.594093,Grainger #220 7:00 AM - 5:00 PM Mountain (Monday - Friday),(303) 400-5966,12350 E Arapahoe Rd - Suite C,Centennial,CO,80112,USA
-104.834945,38.8987369,Grainger #219 7:00 AM - 5:00 PM Mountain (Monday - Friday),(719) 598-9500,610 Popes Bluff Trail,Colorado Springs,CO,80907,USA
-104.987875,39.821818,Grainger Express #221 Will Call Pickup Only / 7:00 AM - 5:00 PM Mountain (Monday - Friday),(303) 657-2709,6935 Broadway,Denver,CO,80221,USA
-105.012465,39.715158,Grainger #216 7:00 AM - 5:00 PM Mountain (Monday - Friday),(303) 733-8777,95 S Tejon St,Denver,CO,80223,USA
-104.849788,39.78544,Grainger #217 7:00 AM - 5:00 PM Mountain (Monday - Friday),(303) 371-2360,4885 Paris St,Denver,CO,80239,USA
-105.0464736,40.5245092,Grainger #218 7:00 AM - 5:00 PM Mountain (Monday - Friday),(970) 223-2100,4531 Innovation Dr,Fort Collins,CO,80525,USA
-108.6378421,39.1078827,Grainger #215 7:30 AM - 5:00 PM Mountain (Monday - Friday),(970) 256-1016,716 Scarlet Dr,Grand Junction,CO,81505,USA
-105.140292,39.775181,Grainger Express #222 Will Call Pickup Only / 7:30 AM - 4:00 PM Mountain (Monday - Friday),(303) 733-8777,12701 W 42nd Ave - Suite C,Wheat Ridge,CO,80033,USA
-72.6581521,41.7430205,Grainger #344 7:00 AM - 5:00 PM Eastern (Monday - Friday),(860) 525-1967,75 Maxim Rd,Hartford,CT,06114,USA
-72.8693696,41.3454463,Grainger #099 7:00 AM - 5:00 PM Eastern (Monday - Friday),(203) 777-2087,124 Universal Dr,North Haven,CT,06473,USA
-72.8797969,41.6285342,Grainger #346 7:00 AM - 5:00 PM Eastern (Monday - Friday),(860) 276-9992,50 Graham Pl,Southington,CT,06489,USA
-73.558929,41.0413915,Grainger #093 7:00 AM - 5:00 PM Eastern (Monday - Friday),(203) 323-0005,339 West Ave,Stamford,CT,06902,USA
-73.1480069,41.1788573,Grainger #092 7:00 AM - 5:00 PM Eastern (Monday - Friday),(203) 551-7353,120 Moffitt St,Stratford,CT,06615,USA
-77.0010438,38.9070031,Grainger #912 7:00 AM - 5:00 PM Eastern (Monday - Friday),(202) 609-6470,331 N St NE,Washington,DC,20002,USA
-75.598941,39.66288,Grainger #595 7:00 AM - 5:00 PM Eastern (Monday - Friday),(302) 322-1840,117 Quigley Blvd,New Castle,DE,19720,USA
-81.389619,28.683971,Grainger #582 7:30 AM - 5:00 PM Eastern (Monday - Friday),(407) 682-6567,1001 Douglas Ave,Altamonte Springs,FL,32714,USA
-82.699722,27.885661,Grainger #833 7:30 AM - 5:00 PM Eastern (Monday - Friday),(727) 573-1777,12579 49TH St N,Clearwater,FL,33762,USA
-80.284734,25.71065,Grainger #477 (U of Miami- Onsite Only) / 7:30 AM - 4:30 PM Eastern (Monday - Friday),(305) 284-4337,1535 Levante Ave,Coral Gables,FL,33146,USA
-81.072868,29.213634,Grainger #210 7:30 AM - 5:00 PM Eastern (Monday - Friday),(386) 274-5050,843 Bill France Blvd,Daytona Beach,FL,32117,USA
-80.341761,25.794269,Grainger #480 7:30 AM - 5:00 PM Eastern (Monday - Friday),(305) 594-0587,2255 NW 89TH Pl,Doral,FL,33172,USA
-81.852125,26.563078,Grainger #287 7:30 AM - 5:00 PM Eastern (Monday - Friday),(239) 768-5999,12431 Metro Parkway,Ft. Myers,FL,33966,USA
-81.759771,30.332517,Grainger #384 7:30 AM - 5:00 PM Eastern (Monday - Friday),(904) 781-8350,720 Suemac Rd,Jacksonville,FL,32254,USA
-81.5827505,30.2151947,Grainger #385 7:30 AM - 5:00 PM Eastern (Monday - Friday),(904) 636-8896,8450 Phillips Highway,Jacksonville,FL,32256,USA
-81.8950133,27.9970283,Grainger #836 7:30 AM - 5:00 PM Eastern (Monday - Friday),(863) 797-1950,3204 Winter Lake Rd - Suite 8,Lakeland,FL,33803,USA
-80.2578666,25.839047,Grainger #484 7:30 AM - 5:00 PM Eastern (Monday - Friday),(305) 693-0959,7200 NW 37TH Ave,Miami,FL,33147,USA
-80.369066,25.594888,Grainger #485 7:30 AM - 5:00 PM Eastern (Monday - Friday),(305) 253-5563,10900 SW Quail Roost Dr,Miami,FL,33157,USA
-82.168277,29.170811,Grainger #579 7:30 AM - 5:00 PM Eastern (Monday - Friday),(352) 732-8084,2620 SW 17th Rd - Suite 300,Ocala,FL,34471,USA
-81.429453,28.507934,Grainger #580 7:30 AM - 5:00 PM Eastern (Monday - Friday),(407) 843-3220,4180 L B McLeod Rd,Orlando,FL,32811,USA
-80.1708587,25.9867249,Grainger #483 7:30 AM - 5:00 PM Eastern (Monday - Friday),(954) 987-9801,2757 S Park Rd,Pembroke Park,FL,33009,USA
-87.239345,30.45752,Grainger #505 7:30 AM - 5:00 PM Central (Monday - Friday),(850) 435-4771,4405 N Palafox St,Pensacola,FL,32505,USA
-80.1522504,26.2288028,Grainger #481 7:30 AM - 5:00 PM Eastern (Monday - Friday),(954) 524-4374,2131 SW 2nd St - Building 8,Pompano Beach,FL,33069,USA
-82.533828,27.422265,Grainger #834 7:30 AM - 5:00 PM Eastern (Monday - Friday),(941) 753-3904,6685 Whitfield Industrial Ave,Sarasota,FL,34243,USA
-84.341636,30.4407,Grainger #820 7:30 AM - 5:00 PM Eastern (Monday - Friday),(850) 575-4137,3924 W Pensacola St,Tallahassee,FL,32304,USA
-84.2991351,30.4430585,Grainger #821 (FSU - Onsite Only) / 7:30 AM - 4:30 PM Eastern (Monday - Friday),(850) 580-6782,140 Mendenhall - Building A,Tallahassee,FL,32306,USA
-82.519693,27.9964518,Grainger #837 7:30 AM - 5:00 PM Eastern (Monday - Friday),(813) 496-6930,4505 W Hillsborough Ave,Tampa,FL,33614,USA
-82.360977,27.960834,Grainger #835 7:30 AM - 5:00 PM Eastern (Monday - Friday),(813) 622-7223,1820 Tampa East Blvd,Tampa,FL,33619,USA
-80.672023,28.104914,Grainger #581 7:30 AM - 5:00 PM Eastern (Monday - Friday),(321) 951-1985,101 S Wickham Rd,West Melbourne,FL,32904,USA
-80.077996,26.697938,Grainger #482 7:30 AM - 5:00 PM Eastern (Monday - Friday),(561) 684-6895,1800 N Florida Mango Rd,West Palm Beach,FL,33409,USA
-83.3776337,33.9802654,Grainger #046 7:30 AM - 5:00 PM Eastern (Monday - Friday),(706) 546-0595,1205 Commerce Rd,Athens,GA,30607,USA
-84.4355812,33.8013635,Grainger #052 7:00 AM - 5:00 PM Eastern (Monday - Friday),(888) 803-7320,1721 Marietta Blvd NW,Atlanta,GA,30318,USA
-84.4476604,33.6417621,Grainger #035 c/o Atlanta International Airport / 11:00 AM - 11:00 AM Eastern (Monday - Friday),(888) 803-7320,6000 N Terminal Parkway,Atlanta,GA,30320,USA
-82.002633,33.43701,Grainger #060 7:30 AM - 5:00 PM Eastern (Monday - Friday),(706) 560-0808,1516 Gordon Highway,Augusta,GA,30906,USA
-84.9796746,32.4685571,Grainger #047 7:30 AM - 5:00 PM Eastern (Monday - Friday),(706) 324-3026,1200 10TH Ave,Columbus,GA,31901,USA
-84.964866,34.761924,Grainger #205 8:00 AM - 5:00 PM Eastern (Monday - Friday),(706) 275-0511,708 Rustwood St,Dalton,GA,30721,USA
-84.394077,33.609989,Grainger #041 7:00 AM - 5:00 PM Eastern (Monday - Friday),(888) 803-7320,5300 Frontage Rd,Forest Park,GA,30297,USA
-81.1598772,32.0867463,Grainger #745 8:00 AM - 5:00 PM Eastern (Monday - Friday),(912) 395-8700,1324 US Highway 80 W,Garden City,GA,31408,USA
-83.681814,32.813746,Grainger #051 7:30 AM - 5:00 PM Eastern (Monday - Friday),(478) 781-4941,2048 Paul Walsh Dr,Macon,GA,31206,USA
-84.5336954,33.9431703,Grainger #036 7:00 AM - 5:00 PM Eastern (Monday - Friday),(888) 803-7320,631 S Marietta Parkway SE,Marietta,GA,30060,USA
-84.227738,33.91117,Grainger #038 7:00 AM - 5:00 PM Eastern (Monday - Friday),(888) 803-7320,6655 Crescent Dr,Norcross,GA,30071,USA
-84.3117616,34.0608584,Grainger #055 7:30 AM - 5:00 PM Eastern (Monday - Friday),(888) 803-7320,1455 Hembree Rd,Roswell,GA,30076,USA
-157.895791,21.345082,Grainger #561 7:00 AM - 4:00 PM Hawaii-Aleutian (Monday - Friday),(808) 423-0028,2833 Paa St,Honolulu,HI,96819,USA
-157.7619532,21.4422548,Grainger #571 7:00 AM - 4:00 PM Hawaii-Aleutian (Monday - Friday),(808) 423-0028,Second St - Building 209,Kaneohe Bay,HI,96863,USA
-91.678962,41.942284,Grainger #112 7:30 AM - 5:00 PM Central (Monday - Friday),(319) 366-7174,715 33RD Ave SW,Cedar Rapids,IA,52404,USA
-90.5616469,41.574038,Grainger #200 7:30 AM - 5:00 PM Central (Monday - Friday),(563) 391-6015,961 E 53RD St,Davenport,IA,52807,USA
-93.5864299,41.617052,Grainger #224 7:30 AM - 5:00 PM Central (Monday - Friday),(515) 266-3460,1811 E Sheridan Ave,Des Moines,IA,50316,USA
-96.3603671,42.408124,Grainger #768 8:00 AM - 5:00 PM Central (Monday - Friday),(712) 255-3548,2500 Highway 75 N,Sioux City,IA,51105,USA
-116.250696,43.615764,Grainger #084 7:30 AM - 5:00 PM Mountain (Monday - Friday),(208) 377-2801,5576 Irving St,Boise,ID,83706,USA
-88.027721,41.9190356,Grainger #143 7:00 AM - 5:00 PM Central (Monday - Friday),(630) 953-9933,1545 W Fullerton Ave,Addison,IL,60101,USA
-87.7693649,41.682564,Grainger #150 7:00 AM - 5:00 PM Central (Monday - Friday),(708) 396-1900,6001 W 115TH St,Alsip,IL,60803,USA
-87.9761495,42.0414969,Grainger #149 7:00 AM - 5:00 PM Central (Monday - Friday),(847) 593-1330,475 E Algonquin Rd,Arlington Heights,IL,60005,USA
-87.9319568,41.7503593,Grainger #147 7:00 AM - 5:00 PM Central (Monday - Friday),(630) 323-0255,7591 Brush Hill Rd,Burr Ridge,IL,60527,USA
-87.665952,41.8485283,Grainger #139 7:00 AM - 5:00 PM Central (Monday - Friday),(773) 475-0251,2356 S Ashland Ave,Chicago,IL,60608,USA
-87.672744,41.922486,Grainger #157 7:00 AM - 5:00 PM Central (Monday - Friday),(773) 486-9933,2221 N Elston Ave,Chicago,IL,60614,USA
-87.7713879,41.7744874,Grainger #151 7:00 AM - 5:00 PM Central (Monday - Friday),(773) 586-0244,6450 S Austin Ave,Chicago,IL,60638,USA
-88.050321,41.80405,Grainger #145 7:00 AM - 5:00 PM Central (Monday - Friday),(630) 810-9933,2701 Ogden Ave,Downers Grove,IL,60515,USA
-88.3382866,42.0939965,Grainger #663 7:00 AM - 5:00 PM Central (Monday - Friday),(847) 851-1542,2530 Vantage Dr,Elgin,IL,60124,USA
-87.885856,41.937999,Grainger #156 7:00 AM - 5:00 PM Central (Monday - Friday),(847) 451-6955,3240 Mannheim Rd,Franklin Park,IL,60131,USA
-87.7853141,42.0272824,Grainger #146 7:00 AM - 5:00 PM Central (Monday - Friday),(847) 965-7600,8045 River Dr,Morton Grove,IL,60053,USA
-89.6019251,40.6856397,Grainger #584 7:30 AM - 5:00 PM Central (Monday - Friday),(309) 672-2900,1017 SW Jefferson Ave,Peoria,IL,61605,USA
-88.126868,41.504128,Grainger #134 7:00 AM - 5:00 PM Central (Monday - Friday),(815) 280-7600,1820 Moen Ave,Rockdale,IL,60436,USA
-89.0017565,42.2385298,Grainger #664 7:00 AM - 5:00 PM Central (Monday - Friday),(815) 229-0313,5862 Harrison Ave,Rockford,IL,61108,USA
-87.888853,42.391315,Grainger #158 7:00 AM - 5:00 PM Central (Monday - Friday),(847) 263-9933,3585 Sunset Ave,Waukegan,IL,60087,USA
-87.9077599,42.1161839,Grainger #140 7:00 AM - 5:00 PM Central (Monday - Friday),(847) 541-8040,1200 S Wolf Rd,Wheeling,IL,60090,USA
-85.8585789,39.1974043,Grainger #370 7:30 AM - 5:00 PM Eastern (Monday - Friday),(812) 376-0878,21 N National Rd,Columbus,IN,47201,USA
-86.002113,41.6478589,Grainger #274 7:30 AM - 5:00 PM Eastern (Monday - Friday),(574) 296-7595,58300 State Rd19,Elkhart,IN,46517,USA
-87.499671,37.985284,Grainger #272 7:30 AM - 5:00 PM Central (Monday - Friday),(812) 479-0261,837 N Congress Ave,Evansville,IN,47715,USA
-85.1423475,41.1236763,Grainger #296 7:30 AM - 5:00 PM Eastern (Monday - Friday),(260) 484-9565,5002 Speedway Dr,Ft. Wayne,IN,46825,USA
-87.4326689,41.5853305,Grainger #148 7:00 AM - 5:00 PM Central (Monday - Friday),(219) 554-3886,1701 Cline Ave,Gary,IN,46406,USA
-86.1920787,39.7890584,Grainger #368 7:30 AM - 5:00 PM Eastern (Monday - Friday),(317) 632-8341,1819 W 16TH St,Indianapolis,IN,46202,USA
-86.034861,39.92162,Grainger #369 7:30 AM - 5:00 PM Eastern (Monday - Friday),(317) 842-2497,9210 Corporation Dr,Indianapolis,IN,46256,USA
-85.4049514,40.1529976,Grainger #297 7:30 AM - 5:00 PM Eastern (Monday - Friday),(765) 741-8100,4501 S Cowan Rd,Muncie,IN,47302,USA
-94.0364917,44.1788073,Grainger #776 7:30 AM - 5:00 PM Eastern (Monday - Friday),(574) 287-2351,1750 Commerce Dr,South Bend,IN,46628,USA
-94.758037,38.949844,Grainger #409 7:30 AM - 5:00 PM Central (Monday - Friday),(913) 492-8550,14790 W 99TH St,Lenexa,KS,66215,USA
-95.683454,39.008173,Grainger #852 7:30 AM - 5:00 PM Central (Monday - Friday),(785) 267-1860,241 SW 32ND Terrace,Topeka,KS,66611,USA
-97.388712,37.660292,Grainger #920 7:30 AM - 5:00 PM Central (Monday - Friday),(316) 945-5101,1920 S West St,Wichita,KS,67213,USA
-84.6280417,38.9578517,Grainger #153 7:30 AM - 5:00 PM Eastern (Monday - Friday),(859) 371-3984,10075 Sam Neace Dr,Florence,KY,41042,USA
-84.5083668,38.0801931,Grainger #429 7:30 AM - 5:00 PM Eastern (Monday - Friday),(859) 252-2302,1351 Georgetown Rd,Lexington,KY,40511,USA
-85.7343913,38.1523129,Grainger #438 7:30 AM - 5:00 PM Eastern (Monday - Friday),(502) 568-6062,6708 Grade Lane - Suite 701,Louisville,KY,40213,USA
-85.5746743,38.2194794,Grainger #448 7:30 AM - 5:00 PM Eastern (Monday - Friday),(502) 499-0001,1901 Plantside Dr,Louisville,KY,40299,USA
-88.6359064,37.0642133,Grainger #428 8:00 AM - 5:00 PM Central (Monday - Friday),(270) 443-0543,3160 Parisa Dr,Paducah,KY,42003,USA
-91.1018607,30.4680257,Grainger #058 7:30 AM - 5:00 PM Central (Monday - Friday),(225) 923-0215,8188 Tom Dr,Baton Rouge,LA,70815,USA
-91.0416329,30.3852107,Grainger #534 7:30 AM - 5:00 PM Central (Monday - Friday),(225) 756-9340,12455 Airline Highway,Baton Rouge,LA,70817,USA
-90.9622678,30.2088209,Grainger #535 7:30 AM - 5:00 PM Central (Monday - Friday),(225) 644-0740,9506 Ashland Rd,Gonzales,LA,70737,USA
-90.7256236,29.5834369,Grainger #538 7:30 AM - 5:00 PM Central (Monday - Friday),(985) 851-5501,5366 Highway 311,Houma,LA,70360,USA
-92.0623615,30.2220466,Grainger #418 7:30 AM - 5:00 PM Central (Monday - Friday),(337) 237-0507,1508 Eraste Landry Rd,Lafayette,LA,70506,USA
-91.8555636,29.9830316,Grainger #417 7:30 AM - 5:00 PM Central (Monday - Friday),(337) 369-8820,901 Frontage Rd E Highway 90,New Iberia,LA,70560,USA
-90.088331,29.957153,Grainger #537 7:30 AM - 5:00 PM Central (Monday - Friday),(504) 822-7600,601 S Galvez St,New Orleans,LA,70119,USA
-90.1884121,29.9543825,Grainger #536 7:00 AM - 5:00 PM Central (Monday - Friday),(504) 733-9742,825 Distributors Row,New Orleans,LA,70123,USA
-93.830875,32.457265,Grainger #760 7:30 AM - 5:00 PM Central (Monday - Friday),(318) 635-9120,5126 Hollywood Ave,Shreveport,LA,71109,USA
-93.325307,30.2134712,Grainger #419 7:30 AM - 5:00 PM Central (Monday - Friday),(337) 626-0788,2502 S Cities Service Highway,Sulphur,LA,70663,USA
-92.157365,32.5051176,Grainger #508 7:30 AM - 5:00 PM Central (Monday - Friday),(318) 324-0404,500 Thomas Rd,West Monroe,LA,71292,USA
-71.0408644,42.4286105,Grainger #091 7:00 AM - 5:00 PM Eastern (Monday - Friday),(617) 389-6677,160 Broadway,Everett,MA,02149,USA
-71.4105353,42.2766193,Grainger #094 7:00 AM - 5:00 PM Eastern (Monday - Friday),(508) 820-1500,34 Blandin Ave,Framingham,MA,01702,USA
-71.139487,42.7135842,Grainger #095 7:00 AM - 5:00 PM Eastern (Monday - Friday),(978) 794-4773,121 Marston St,Lawrence,MA,01841,USA
-71.157476,42.197508,Grainger #088 7:00 AM - 5:00 PM Eastern (Monday - Friday),(781) 762-7375,428 University Ave,Norwood,MA,02062,USA
-72.524879,42.142252,Grainger #808 7:00 AM - 5:00 PM Eastern (Monday - Friday),(413) 781-7525,790 Cottage St,Springfield,MA,01104,USA
-71.1377739,41.945801,Grainger #097 7:00 AM - 5:00 PM Eastern (Monday - Friday),(508) 880-0067,125 John Hancock Rd,Taunton,MA,02780,USA
-71.163303,42.363824,Grainger #096 7:00 AM - 5:00 PM Eastern (Monday - Friday),(617) 923-1730,400 Arsenal St,Watertown,MA,02472,USA
-71.136526,42.510539,Grainger #089 7:00 AM - 5:00 PM Eastern (Monday - Friday),(781) 935-8808,31 Cabot Rd,Woburn,MA,01801,USA
-71.801827,42.319038,Grainger #090 7:00 AM - 5:00 PM Eastern (Monday - Friday),(508) 853-7300,209 Brooks St,Worcester,MA,01606,USA
-76.7917188,39.1296495,Grainger #895 7:00 AM - 5:00 PM Eastern (Monday - Friday),(301) 543-4900,10981 Guilford Rd,Annapolis Junction,MD,20701,USA
-76.478043,39.336721,Grainger #898 7:00 AM - 5:00 PM Eastern (Monday - Friday),(410) 391-9000,8820 Citation Rd,Baltimore,MD,21221,USA
-76.6283634,39.2721726,Grainger #905 7:00 AM - 5:00 PM Eastern (Monday - Friday),(410) 234-0184,2100 Haines St,Baltimore,MD,21230,USA
-76.8372569,38.9548,Grainger #896 7:00 AM - 5:00 PM Eastern (Monday - Friday),(301) 459-7780,4748 Forbes Blvd,Lanham,MD,20706,USA
-77.14019,39.098951,Grainger #900 7:00 AM - 5:00 PM Eastern (Monday - Friday),(301) 869-0011,701 Dover Rd,Rockville,MD,20850,USA
-76.631322,39.436437,Grainger #904 7:00 AM - 5:00 PM Eastern (Monday - Friday),(410) 560-1330,2032 Greenspring Dr,Timonium,MD,21093,USA
-70.3200192,43.6868439,Grainger #616 7:00 AM - 5:00 PM Eastern (Monday - Friday),(207) 797-7693,425 Warren Ave,Portland,ME,04103,USA
-83.7345389,42.2451611,Grainger #236 7:30 AM - 5:00 PM Eastern (Monday - Friday),(734) 662-1060,2915 Boardwalk St,Ann Arbor,MI,48104,USA
-83.05854,42.3268452,Grainger #239 7:00 AM - 5:00 PM Eastern (Monday - Friday),(313) 965-3500,1201 W Lafayette Blvd,Detroit,MI,48226,USA
-83.433472,42.464867,Grainger #234 7:00 AM - 5:00 PM Eastern (Monday - Friday),(248) 474-0300,23800 Haggerty Rd,Farmington Hills,MI,48335,USA
-83.6578778,43.0096667,Grainger #237 7:30 AM - 5:00 PM Eastern (Monday - Friday),(810) 239-8008,2711 Lapeer Rd,Flint,MI,48503,USA
-85.6533224,42.8949118,Grainger #320 7:30 AM - 5:00 PM Eastern (Monday - Friday),(616) 241-6781,3803 Roger B Chaffee SE,Grand Rapids,MI,49548,USA
-86.075054,42.799513,Grainger #318 7:30 AM - 5:00 PM Eastern (Monday - Friday),(616) 392-2416,767 Chicago Dr,Holland,MI,49423,USA
-85.5264143,42.2662294,Grainger #407 7:30 AM - 5:00 PM Eastern (Monday - Friday),(269) 381-8500,2476 Azo Dr,Kalamazoo,MI,49048,USA
-84.5283989,42.675665,Grainger #421 7:30 AM - 5:00 PM Eastern (Monday - Friday),(517) 394-2010,5617 Enterprise Dr,Lansing,MI,48911,USA
-83.090431,42.526408,Grainger #232 7:30 AM - 5:00 PM Eastern (Monday - Friday),(248) 585-4100,1587 E Whitcomb Ave,Madison Heights,MI,48071,USA
-83.329479,42.256133,Grainger #233 7:00 AM - 5:00 PM Eastern (Monday - Friday),(734) 728-7891,6874 Middlebelt Rd,Romulus,MI,48174,USA
-83.869802,43.415985,Grainger #678 7:30 AM - 5:00 PM Eastern (Monday - Friday),(989) 755-0556,220 W Morley Dr,Saginaw,MI,48601,USA
-85.6258185,44.7291907,Grainger #319 8:00 AM - 4:30 PM Eastern (Monday - Friday),(231) 933-3697,3025 Cass Rd,Traverse City,MI,49684,USA
-82.9751966,42.4855574,Grainger #235 7:00 AM - 5:00 PM Eastern (Monday - Friday),(586) 772-7790,25940 Groesbeck Highway,Warren,MI,48089,USA
-92.1571679,46.7446052,Grainger #250 7:00 AM - 5:00 PM Central (Monday - Friday),(218) 624-4274,101 N 46TH Ave W,Duluth,MN,55807,USA
-93.453594,45.006179,Grainger #495 7:00 AM - 5:00 PM Central (Monday - Friday),(763) 531-0300,2450 Annapolis Lane N,Plymouth,MN,55441,USA
-93.074312,44.941601,Grainger #499 7:00 AM - 5:00 PM Central (Monday - Friday),(651) 298-9601,345 Plato Blvd E - Suite 120,St. Paul,MN,55107,USA
-92.31831,38.9708169,Grainger #691 7:30 AM - 5:00 PM Central (Monday - Friday),(877) 423-7087,1406 Vandiver Dr,Columbia,MO,65202,USA
-90.4637599,38.541553,Grainger #690 7:00 AM - 5:00 PM Central (Monday - Friday),(636) 343-0893,1780 Gilsinn Lane,Fenton,MO,63026,USA
-94.554907,39.091678,Grainger #408 7:30 AM - 5:00 PM Central (Monday - Friday),(816) 241-5600,2300 E 18TH St,Kansas City,MO,64127,USA
-90.440004,38.712214,Grainger #689 7:00 AM - 5:00 PM Central (Monday - Friday),(314) 569-1630,2535 Metro Blvd,Maryland Heights,MO,63043,USA
-94.5773505,39.1355348,Grainger Express #411 Will Call Pickup Only / 7:30 AM - 5:00 PM Central (Monday - Friday),(816) 241-5600,1443 Swift Ave,North Kansas City,MO,64116,USA
-73.2224262,41.1675614,Grainger #686 7:00 AM - 5:00 PM Central (Monday - Friday),(636) 696-4040,9 Commerce Dr,O'Fallon,MO,63366,USA
-93.238,37.215038,Grainger #804 7:30 AM - 5:00 PM Central (Monday - Friday),(417) 831-4059,808 N Cedarbrook Ave,Springfield,MO,65802,USA
-90.2145872,38.628233,Grainger #688 7:00 AM - 5:00 PM Central (Monday - Friday),(314) 231-5031,2227 Clark Ave,St. Louis,MO,63103,USA
-90.214042,32.248924,Grainger #378 7:30 AM - 5:00 PM Central (Monday - Friday),(601) 372-2525,3551 I-55 S,Jackson,MS,39212,USA
-108.541515,45.765188,Grainger #064 7:30 AM - 5:00 PM Mountain (Monday - Friday),(406) 252-6311,221 Moore Lane,Billings,MT,59101,USA
-82.5754369,35.614658,Grainger #045 7:30 AM - 5:00 PM Eastern (Monday - Friday),(828) 258-8986,834 Riverside Dr,Asheville,NC,28804,USA
-80.858924,35.219118,Grainger #128 7:30 AM - 5:00 PM Eastern (Monday - Friday),(704) 376-0785,1401 S Mint St,Charlotte,NC,28203,USA
-78.898695,34.999474,Grainger #331 7:30 AM - 5:00 PM Eastern (Monday - Friday),(910) 868-2376,2915 Gillespie St,Fayetteville,NC,28306,USA
-81.188971,35.293893,Grainger #129 8:00 AM - 5:00 PM Eastern (Monday - Friday),(704) 861-9239,2533 N Chester St,Gastonia,NC,28052,USA
-79.800633,36.025732,Grainger #328 7:30 AM - 5:00 PM Eastern (Monday - Friday),(336) 275-0523,2506 Greengate Dr,Greensboro,NC,27406,USA
-77.396772,35.576315,Grainger #330 7:30 AM - 5:00 PM Eastern (Monday - Friday),(252) 756-9765,204 Dexter St,Greenville,NC,27834,USA
-81.357184,35.7320769,Grainger #350 7:30 AM - 5:00 PM Eastern (Monday - Friday),(828) 322-6614,7 11TH St NW,Hickory,NC,28601,USA
-78.583393,35.851508,Grainger #637 7:30 AM - 5:00 PM Eastern (Monday - Friday),(919) 790-0888,4820 Signett Dr,Raleigh,NC,27616,USA
-77.922549,34.318451,Grainger #926 6:00 AM - 7:00 PM Eastern (Monday - Friday),,3901 Castle Hayne Rd,Wilmington,NC,28401,USA
-77.903996,34.229874,Grainger #925 7:30 AM - 5:00 PM Eastern (Monday - Friday),(910) 762-3088,505 Covil Ave,Wilmington,NC,28403,USA
-80.265022,36.146695,Grainger #329 7:30 AM - 5:00 PM Eastern (Monday - Friday),(336) 759-2000,8101 N Point Blvd,Winston Salem,NC,27105,USA
-96.843801,46.891179,Grainger #280 8:00 AM - 5:00 PM Central (Monday - Friday),(701) 282-8905,3825 12TH Ave N,Fargo,ND,58102,USA
-96.7227659,40.821123,Grainger #577 7:30 AM - 5:00 PM Central (Monday - Friday),(402) 476-9014,100 Oakcreek Dr,Lincoln,NE,68528,USA
-96.058114,41.213445,Grainger #576 8:00 AM - 5:00 PM Central (Monday - Friday),(402) 339-1800,9345 J St,Omaha,NE,68127,USA
-71.4093069,42.9754577,Grainger #466 7:00 AM - 5:00 PM Eastern (Monday - Friday),(603) 668-7161,370 E Industrial Dr,Manchester,NH,03109,USA
-74.4190799,39.366559,Grainger #531 7:00 AM - 5:00 PM Eastern (Monday - Friday),(609) 347-2500,13 New Jersey Ave #17,Atlantic City,NJ,08401,USA
-74.1470023,40.8353412,Grainger #524 7:00 AM - 5:00 PM Eastern (Monday - Friday),(973) 777-7700,308 Allwood Rd,Clifton,NJ,07012,USA
-74.2822,40.6459,Grainger #521 7:00 AM - 5:00 PM Eastern (Monday - Friday),(908) 272-7156,55 Jackson Dr,Cranford,NJ,07016,USA
-74.053906,40.276835,Grainger #529 7:00 AM - 5:00 PM Eastern (Monday - Friday),(732) 542-3636,212 Industrial Way W,Eatontown,NJ,07724,USA
-74.1901309,40.6678854,Grainger #530 7:00 AM - 5:00 PM Eastern (Monday - Friday),(908) 787-1952,560-596 Bercik St - Suite 1,Elizabeth,NJ,07201,USA
-74.298912,40.878413,Grainger #522 7:00 AM - 5:00 PM Eastern (Monday - Friday),(973) 227-7220,277 Route 46,Fairfield,NJ,07004,USA
-74.9494,39.9424,Grainger #592 7:00 AM - 5:00 PM Eastern (Monday - Friday),(856) 234-8550,819 E Gate Dr,Mt. Laurel,NJ,08054,USA
-74.4218841,40.5516633,Grainger #523 7:00 AM - 5:00 PM Eastern (Monday - Friday),(908) 561-7990,1001 Hadley Rd,South Plainfield,NJ,07080,USA
-74.0554058,40.8597805,Grainger #525 6:30 AM - 5:00 PM Eastern (Monday - Friday),(201) 426-9100,506 US Highway 46 - Suite A,Teterboro,NJ,07608,USA
-74.758728,40.2440324,Grainger #598 7:00 AM - 5:00 PM Eastern (Monday - Friday),(609) 394-2620,1585 N Olden Ave,Trenton,NJ,08638,USA
-106.600227,35.155718,Grainger #024 7:30 AM - 5:00 PM Mountain (Monday - Friday),(505) 345-8631,3901 Osuna Rd NE,Albuquerque,NM,87109,USA
-108.192573,36.730843,Grainger #284 7:30 AM - 5:00 PM Mountain (Monday - Friday),(505) 327-9953,1201 San Juan Blvd,Farmington,NM,87401,USA
-115.166466,36.1455099,Grainger #423 7:00 AM - 5:00 PM Pacific (Monday - Friday),(702) 385-6833,2401 Western Ave,Las Vegas,NV,89102,USA
-119.729992,39.525273,Grainger #639 7:00 AM - 5:00 PM Pacific (Monday - Friday),(775) 331-7504,900 Packer Way,Sparks,NV,89431,USA
-73.878818,42.703195,Grainger #016 7:00 AM - 5:00 PM Eastern (Monday - Friday),(518) 869-1414,35 Corporate Cir,Albany,NY,12203,USA
-73.100577,40.7709509,Grainger #548 7:00 AM - 5:00 PM Eastern (Monday - Friday),(631) 567-8591,199 Orville Dr,Bohemia,NY,11716,USA
-73.8928885,40.8145284,Grainger #554 7:00 AM - 5:00 PM Eastern (Monday - Friday),(718) 503-9770,1143 Longwood Ave,Bronx,NY,10474,USA
-74.0020046,40.6594175,Grainger #556 7:00 AM - 5:00 PM Eastern (Monday - Friday),(718) 965-1430,815 3rd Ave,Brooklyn,NY,11232,USA
-78.755998,42.914456,Grainger #104 7:00 AM - 5:00 PM Eastern (Monday - Friday),(716) 684-1000,50 McKesson Parkway,Buffalo,NY,14225,USA
-76.0879168,43.0997317,Grainger #816 7:00 AM - 5:00 PM Eastern (Monday - Friday),(315) 433-2771,6285 E Molloy Rd,East Syracuse,NY,13057,USA
-73.8162388,41.070317,Grainger #547 7:00 AM - 5:00 PM Eastern (Monday - Friday),(914) 347-6800,505 Saw Mill River Rd,Elmsford,NY,10523,USA
-75.26233,43.134471,Grainger #817 7:00 AM - 5:00 PM Eastern (Monday - Friday),(315) 734-0424,9446 River Rd,Marcy,NY,13403,USA
-73.909724,40.720554,Grainger #545 7:00 AM - 5:00 PM Eastern (Monday - Friday),(718) 326-1598,58-45 Grand Ave,Maspeth,NY,11378,USA
-73.428583,40.770204,Grainger #546 7:00 AM - 5:00 PM Eastern (Monday - Friday),(631) 391-3030,1 Park Dr,Melville,NY,11747,USA
-73.6732189,40.7360819,Grainger #558 7:00 AM - 5:00 PM Eastern (Monday - Friday),(516) 358-6200,2040 Jericho Turnpike,New Hyde Park,NY,11040,USA
-74.00532,40.726008,Grainger #551 7:00 AM - 5:00 PM Eastern (Monday - Friday),(212) 629-5660,150 Varick St,New York,NY,10013,USA
-74.0871159,41.5090567,Grainger #555 7:00 AM - 5:00 PM Eastern (Monday - Friday),(845) 567-6900,300 Corporate Blvd,Newburgh,NY,12550,USA
-77.661098,43.190995,Grainger #656 7:00 AM - 5:00 PM Eastern (Monday - Friday),(585) 427-8570,1999 Mt. Read Blvd,Rochester,NY,14615,USA
-77.622085,43.099116,Grainger #657 7:00 AM - 5:00 PM Eastern (Monday - Friday),(585) 427-8570,430 W Metro Park,Rochester,NY,14623,USA
-76.0119349,42.09905,Grainger #107 7:00 AM - 5:00 PM Eastern (Monday - Friday),(607) 729-1133,2809 Vestal Rd,Vestal,NY,13850,USA
-81.42521,41.065822,Grainger #161 7:30 AM - 5:00 PM Eastern (Monday - Friday),(330) 733-6311,420 Kennedy Rd,Akron,OH,44305,USA
-81.660787,41.417614,Grainger #160 7:30 AM - 5:00 PM Eastern (Monday - Friday),(216) 398-1880,1035 Valley Belt Rd,Brooklyn Hts,OH,44131,USA
-81.393268,40.796949,Grainger #163 7:30 AM - 5:00 PM Eastern (Monday - Friday),(330) 588-9111,1721 6TH St SW,Canton,OH,44706,USA
-84.532454,39.10269,Grainger #154 7:30 AM - 5:00 PM Eastern (Monday - Friday),(513) 621-3900,939 W 8th St,Cincinnati,OH,45203,USA
-84.3878532,39.2521349,Grainger #152 7:30 AM - 5:00 PM Eastern (Monday - Friday),(513) 563-7100,4420 Glendale Milford Rd,Cincinnati,OH,45242,USA
-83.101633,39.973855,Grainger #176 7:30 AM - 5:00 PM Eastern (Monday - Friday),(614) 276-5231,3640 Interchange Rd,Columbus,OH,43204,USA
-84.1911351,39.8197922,Grainger #208 7:30 AM - 5:00 PM Eastern (Monday - Friday),(937) 236-4260,2321 Needmore Rd,Dayton,OH,45414,USA
-84.2737,39.564,Grainger #207 7:30 AM - 5:00 PM Eastern (Monday - Friday),(937) 743-3940,1455 E 2nd St,Franklin,OH,45005,USA
-84.4750101,39.3385791,Grainger #206 7:30 AM - 5:00 PM Eastern (Monday - Friday),(513) 341-2060,8700 Le Saint Dr,Hamilton,OH,45014,USA
-84.081698,40.727359,Grainger #298 7:30 AM - 5:00 PM Eastern (Monday - Friday),(419) 228-1185,915 Industry Ave,Lima,OH,45804,USA
-82.5531929,40.772548,Grainger #175 7:30 AM - 5:00 PM Eastern (Monday - Friday),(419) 529-8410,1040 National Parkway,Mansfield,OH,44906,USA
-81.370838,41.666252,Grainger #162 7:30 AM - 5:00 PM Eastern (Monday - Friday),(440) 942-4499,7576 Tyler Blvd,Mentor,OH,44060,USA
-83.553398,41.58567,Grainger #848 7:30 AM - 5:00 PM Eastern (Monday - Friday),(419) 666-3320,1300 Third St,Perrysburg,OH,43551,USA
-82.999939,40.105553,Grainger #177 7:30 AM - 5:00 PM Eastern (Monday - Friday),(614) 846-5220,6999 Huntley Rd - Suite A,Worthington,OH,43229,USA
-80.780806,41.112069,Grainger #952 7:30 AM - 5:00 PM Eastern (Monday - Friday),(330) 793-9381,360 Victoria Rd,Youngstown,OH,44515,USA
-97.5971433,35.4522333,Grainger #568 7:00 AM - 5:00 PM Central (Monday - Friday),(405) 943-9631,4314 Will Rogers Parkway,Oklahoma City,OK,73108,USA
-95.857865,36.1776259,Grainger #864 7:30 AM - 5:00 PM Central (Monday - Friday),(918) 836-8631,10707 E Pine St,Tulsa,OK,74116,USA
-123.059912,44.088294,Grainger #268 7:30 AM - 5:00 PM Pacific (Monday - Friday),(541) 342-7606,2950 Chad Dr,Eugene,OR,97408,USA
-122.7138283,45.5691894,Grainger #624 7:30 AM - 5:00 PM Pacific (Monday - Friday),(503) 283-0366,6335 N Basin Ave,Portland,OR,97217,USA
-75.421044,40.655651,Grainger #032 7:00 AM - 5:00 PM Eastern (Monday - Friday),(610) 264-7561,2011 Ave C,Bethlehem,PA,18017,USA
-75.61791,41.439199,Grainger #748 7:00 AM - 5:00 PM Eastern (Monday - Friday),(570) 961-2436,1037 O'Neill Highway,Dunmore,PA,18512,USA
-80.089796,42.119679,Grainger #260 7:30 AM - 5:00 PM Eastern (Monday - Friday),(814) 456-4570,415 W 12TH St #2,Erie,PA,16501,USA
-75.2761409,39.8956122,Grainger #594 7:00 AM - 5:00 PM Eastern (Monday - Friday),(610) 534-5600,1530 Delmar Dr,Folcroft,PA,19032,USA
-75.570724,40.035393,Grainger #591 7:00 AM - 5:00 PM Eastern (Monday - Friday),(610) 727-5251,580 Lancaster Ave,Frazer,PA,19355,USA
-76.809476,40.251599,Grainger #336 7:00 AM - 5:00 PM Eastern (Monday - Friday),(717) 561-8322,4320 Lewis Rd,Harrisburg,PA,17111,USA
-76.3270249,40.0775881,Grainger #338 7:00 AM - 5:00 PM Eastern (Monday - Friday),(717) 560-3630,413 Granite Run Dr,Lancaster,PA,17601,USA
-75.403507,40.125754,Grainger #596 7:00 AM - 5:00 PM Eastern (Monday - Friday),(610) 630-9070,2560 Blvd of the Generals,Norristown,PA,19403,USA
-75.1518825,39.9583971,Grainger #597 7:00 AM - 5:00 PM Eastern (Monday - Friday),(215) 238-8820,401 N 8TH St,Philadelphia,PA,19123,USA
-74.9951705,40.0835609,Grainger #593 7:00 AM - 5:00 PM Eastern (Monday - Friday),(215) 632-4700,10401 Drummond Rd,Philadelphia,PA,19154,USA
-79.970031,40.459246,Grainger #610 7:30 AM - 5:00 PM Eastern (Monday - Friday),(412) 281-4477,3150 Liberty Ave,Pittsburgh,PA,15201,USA
-79.864508,40.49693,Grainger #609 7:30 AM - 5:00 PM Eastern (Monday - Friday),(412) 963-8700,120 Beta Dr,Pittsburgh,PA,15238,USA
-80.1983654,40.4579667,Grainger #608 7:30 AM - 5:00 PM Eastern (Monday - Friday),(412) 788-8899,201 RIDC Park West Dr,Pittsburgh,PA,15275,USA
-75.9358123,40.3989375,Grainger #033 7:00 AM - 5:00 PM Eastern (Monday - Friday),(610) 929-8144,4201A Pottsville Pike,Reading,PA,19605,USA
-75.091122,40.1893734,Grainger #599 7:00 AM - 5:00 PM Eastern (Monday - Friday),(215) 956-0900,17 Bonair Dr,Warminster,PA,18974,USA
-75.862394,41.250426,Grainger #749 7:00 AM - 5:00 PM Eastern (Monday - Friday),(570) 825-7850,182 Butler St,Wilkes Barre,PA,18702,USA
-76.756404,39.980756,Grainger #337 7:00 AM - 5:00 PM Eastern (Monday - Friday),(717) 767-5802,1000 Vogelsong Rd,York,PA,17404,USA
-71.435372,41.748182,Grainger #632 7:00 AM - 5:00 PM Eastern (Monday - Friday),(401) 467-9160,78 Jefferson Blvd,Warwick,RI,02888,USA
-82.3211022,34.8433256,Grainger #332 7:30 AM - 5:00 PM Eastern (Monday - Friday),(864) 288-0110,730 Congaree Rd,Greenville,SC,29607,USA
-80.0664089,32.929054,Grainger #118 7:30 AM - 5:00 PM Eastern (Monday - Friday),(843) 552-6504,7401 Pepperdam Ave,North Charleston,SC,29418,USA
-81.105842,33.984665,Grainger #168 8:00 AM - 5:00 PM Eastern (Monday - Friday),(803) 926-8100,550 Chris Dr,West Columbia,SC,29169,USA
-96.7213176,43.5910741,Grainger #772 7:30 AM - 5:00 PM Central (Monday - Friday),(605) 339-9164,500 E 50TH St N,Sioux Falls,SD,57104,USA
-85.2550334,35.0915561,Grainger #132 7:30 AM - 5:00 PM Eastern (Monday - Friday),(423) 698-8525,902 Creekside Rd,Chattanooga,TN,37406,USA
-82.4045586,36.3522245,Grainger #390 7:30 AM - 5:00 PM Eastern (Monday - Friday),(423) 282-4044,3105 Hanover Rd,Johnson City,TN,37604,USA
-84.006365,35.9268209,Grainger #416 7:30 AM - 5:00 PM Eastern (Monday - Friday),(865) 588-2956,6500 Baum Dr,Knoxville,TN,37919,USA
-89.999574,35.0713549,Grainger #472 7:30 AM - 5:00 PM Central (Monday - Friday),(901) 396-9740,1901 Nonconnah Blvd,Memphis,TN,38132,USA
-86.789115,36.162034,Grainger #513 7:30 AM - 5:00 PM Central (Monday - Friday),(615) 255-2012,1021 Charlotte Ave,Nashville,TN,37203,USA
-86.701823,36.151826,Grainger #512 7:30 AM - 5:00 PM Central (Monday - Friday),(615) 885-0332,1938 Elm Tree Dr,Nashville,TN,37210,USA
-101.880734,35.151658,Grainger #040 8:00 AM - 5:00 PM Central (Monday - Friday),(806) 355-4884,5807 Canyon Dr,Amarillo,TX,79110,USA
-97.069209,32.743465,Grainger #189 7:30 AM - 5:00 PM Central (Monday - Friday),(817) 505-0912,2251 E Division St - Suite A,Arlington,TX,76011,USA
-97.715079,30.213875,Grainger #253 7:30 AM - 5:00 PM Central (Monday - Friday),(512) 837-7440,6006 E Ben White Blvd - Suite 500,Austin,TX,78741,USA
-97.7156119,30.34926,Grainger #053 7:30 AM - 5:00 PM Central (Monday - Friday),(512) 837-7440,7950 Research Blvd - Suite 101,Austin,TX,78758,USA
-94.130842,30.080722,Grainger #062 8:00 AM - 5:00 PM Central (Monday - Friday),(409) 838-3716,125 Sawyer St,Beaumont,TX,77702,USA
-96.374858,30.632175,Grainger #362 7:30 AM - 5:00 PM Central (Monday - Friday),(979) 821-0100,1408 W Villa Maria Rd,Bryan,TX,77801,USA
-96.915261,32.95799,Grainger #190 7:30 AM - 5:00 PM Central (Monday - Friday),(972) 236-1103,1305 N Interstate 35E,Carrollton,TX,75006,USA
-95.4691187,30.3410956,Grainger #360 7:30 AM - 5:00 PM Central (Monday - Friday),(936) 523-4800,2323 N Frazier St,Conroe,TX,77303,USA
-97.45656,27.794872,Grainger #180 7:30 AM - 5:00 PM Central (Monday - Friday),(361) 289-9201,430 Sun Belt Dr,Corpus Christi,TX,78408,USA
-96.7891909,32.7844851,Grainger #201 7:30 AM - 5:00 PM Central (Monday - Friday),(214) 748-4600,2500 Pacific Ave,Dallas,TX,75226,USA
-96.889486,32.681947,Grainger #197 7:30 AM - 5:00 PM Central (Monday - Friday),(214) 330-4714,4242 Platinum Way,Dallas,TX,75237,USA
-96.8783009,32.821186,Grainger #192 7:30 AM - 5:00 PM Central (Monday - Friday),(214) 637-2380,8321 John W Carpenter Freeway,Dallas,TX,75247,USA
-95.096138,29.701075,Grainger #351 7:30 AM - 5:00 PM Central (Monday - Friday),(281) 241-3041,1251 Hall Ct,Deer Park,TX,77536,USA
-106.326551,31.750277,Grainger #256 7:30 AM - 5:00 PM Mountain (Monday - Friday),(915) 598-1180,1400 Lomaland Dr,El Paso,TX,79935,USA
-96.837447,32.931448,Grainger #198 7:30 AM - 5:00 PM Central (Monday - Friday),(972) 991-1561,4207 Simonton Rd,Farmers Branch,TX,75244,USA
-97.3276725,32.7437111,Grainger #191 7:30 AM - 5:00 PM Central (Monday - Friday),(817) 840-9501,300 W Vickery Blvd,Ft. Worth,TX,76104,USA
-97.315135,32.833477,Grainger #193 7:30 AM - 5:00 PM Central (Monday - Friday),(817) 625-2131,5000 Northeast Parkway,Ft. Worth,TX,76106,USA
-97.0413727,32.8351215,Grainger #194 7:30 AM - 5:00 PM Central (Monday - Friday),(817) 508-7103,4924 Cambridge Rd,Ft. Worth,TX,76155,USA
-96.668907,32.879525,Grainger #195 7:30 AM - 5:00 PM Central (Monday - Friday),(972) 278-8110,2701 W Kingsley Rd,Garland,TX,75041,USA
-95.342879,29.748665,Grainger #359 7:30 AM - 5:00 PM Central (Monday - Friday),(713) 225-4106,3232 Harrisburg Blvd,Houston,TX,77003,USA
-95.3749239,29.678567,Grainger #353 7:30 AM - 5:00 PM Central (Monday - Friday),(000) 000-0000,7777 Parnell St,Houston,TX,77021,USA
-95.297514,29.8025,Grainger #352 7:30 AM - 5:00 PM Central (Monday - Friday),(713) 675-2544,4545 Darien St,Houston,TX,77028,USA
-95.5131509,29.841712,Grainger #354 7:30 AM - 5:00 PM Central (Monday - Friday),(713) 462-1551,8200 Pinemont Dr,Houston,TX,77040,USA
-95.394647,29.68132,Grainger #355 7:30 AM - 5:00 PM Central (Monday - Friday),(713) 748-8280,1222 S Loop W,Houston,TX,77054,USA
-95.485533,29.726749,Grainger #358 7:30 AM - 5:00 PM Central (Monday - Friday),(713) 783-9012,6050 Southwest Freeway,Houston,TX,77057,USA
-95.42907,30.009634,Grainger #357 7:30 AM - 5:00 PM Central (Monday - Friday),(281) 876-1180,16741 North Freeway,Houston,TX,77090,USA
-95.6796339,29.78626,Grainger #361 7:30 AM - 5:00 PM Central (Monday - Friday),(832) 772-1600,17010 Katy Freeway,Houston,TX,77094,USA
-99.480714,27.55499,Grainger #422 7:30 AM - 5:00 PM Central (Monday - Friday),(956) 717-0050,610 Gale St,Laredo,TX,78041,USA
-94.773148,32.498728,Grainger #436 8:00 AM - 5:00 PM Central (Monday - Friday),(903) 758-5125,1507 W Cotton St,Longview,TX,75604,USA
-101.83096,33.557369,Grainger #456 8:00 AM - 5:00 PM Central (Monday - Friday),(806) 747-3594,502 E 40TH St,Lubbock,TX,79404,USA
-98.2074959,26.2152418,Grainger #460 7:30 AM - 5:00 PM Central (Monday - Friday),(956) 682-6321,921 E Pecan Blvd,McAllen,TX,78501,USA
-102.209613,31.916968,Grainger #486 8:00 AM - 5:00 PM Central (Monday - Friday),(432) 561-8655,4110 S County Rd 1276,Midland,TX,79706,USA
-96.6804029,33.0072934,Grainger #199 7:30 AM - 5:00 PM Central (Monday - Friday),(972) 423-2127,2601 E Plano Parkway,Plano,TX,75074,USA
-98.3907,29.48478,Grainger #704 7:30 AM - 5:00 PM Central (Monday - Friday),(210) 654-4020,5011 Rittiman Rd,San Antonio,TX,78218,USA
-98.582552,29.487666,Grainger #705 7:30 AM - 5:00 PM Central (Monday - Friday),(210) 521-7861,4924 NW Loop 410,San Antonio,TX,78229,USA
-95.568509,29.633481,Grainger #356 7:30 AM - 5:00 PM Central (Monday - Friday),(281) 240-4444,3900 Greenbriar Dr,Stafford,TX,77477,USA
-97.190809,31.501363,Grainger #196 8:00 AM - 5:00 PM Central (Monday - Friday),(254) 751-1415,6901 Imperial Dr,Waco,TX,76712,USA
-98.4858363,33.9023693,Grainger #921 8:00 AM - 5:00 PM Central (Monday - Friday),(940) 767-1781,113 Henrietta St,Wichita Falls,TX,76301,USA
-112.0257715,41.2096999,Grainger #697 8:00 AM - 4:30 PM Mountain (Monday - Friday),(800) 475-1357,2958 South 1900 W,Ogden,UT,84401,USA
-111.916337,40.711809,Grainger #696 7:00 AM - 5:00 PM Mountain (Monday - Friday),(801) 972-1340,2775 S 900 W,Salt Lake City,UT,84119,USA
-77.424975,38.9810329,Grainger #908 7:00 AM - 5:00 PM Eastern (Monday - Friday),(571) 203-9003,101 International Dr,Dulles,VA,20166,USA
-77.226237,38.870168,Grainger #903 7:00 AM - 5:00 PM Eastern (Monday - Friday),(703) 698-1503,2947 Gallows Rd,Falls Church,VA,22042,USA
-79.244915,37.381989,Grainger #670 7:30 AM - 5:00 PM Eastern (Monday - Friday),(434) 385-0353,18395 Forest Rd,Lynchburg,VA,24502,USA
-76.472131,37.094095,Grainger #553 7:30 AM - 5:00 PM Eastern (Monday - Friday),(757) 873-7600,809 Middle Ground Blvd,Newport News,VA,23606,USA
-76.229649,36.86623,Grainger #552 7:30 AM - 5:00 PM Eastern (Monday - Friday),(757) 855-3153,1401 Sewells Point Rd,Norfolk,VA,23502,USA
-77.416312,37.561321,Grainger #640 7:30 AM - 5:00 PM Eastern (Monday - Friday),(804) 649-0731,2424 Magnolia Ct,Richmond,VA,23223,USA
-79.9317185,37.2802025,Grainger #648 7:30 AM - 5:00 PM Eastern (Monday - Friday),(540) 982-3543,821 5TH St NE,Roanoke,VA,24016,USA
-77.2011269,38.7388484,Grainger #897 7:00 AM - 5:00 PM Eastern (Monday - Friday),(703) 644-8500,7400 Boston Blvd,Springfield,VA,22153,USA
-73.140007,44.454182,Grainger #017 7:00 AM - 5:00 PM Eastern (Monday - Friday),(802) 658-4988,20 Gregory Dr,South Burlington,VT,05403,USA
-122.1806913,47.6302659,Grainger #754 7:00 AM - 5:00 PM Pacific (Monday - Friday),(425) 643-7754,2221 120TH Ave NE,Bellevue,WA,98005,USA
-122.6532919,47.5695573,Grainger Express #751 Will Call Pickup Only / 7:00 AM - 4:00 PM Pacific (Monday - Friday),(360) 373-5600,939 N Callow Ave - Suite 100,Bremerton,WA,98312,USA
-122.1895901,47.9777526,Grainger #757 7:00 AM - 4:30 PM Pacific (Monday - Friday),(425) 303-8851,3013 Walnut St,Everett,WA,98201,USA
-122.391641,47.242598,Grainger #755 7:00 AM - 4:30 PM Pacific (Monday - Friday),(253) 922-2268,2802 Pacific Highway E,Fife,WA,98424,USA
-119.135116,46.239267,Grainger #583 8:00 AM - 5:00 PM Pacific (Monday - Friday),(509) 545-5065,3306 W Marie St,Pasco,WA,99301,USA
-122.330329,47.557702,Grainger #756 7:00 AM - 5:00 PM Pacific (Monday - Friday),(206) 767-4500,4930 3RD Ave S,Seattle,WA,98134,USA
-117.328137,47.663656,Grainger #800 8:00 AM - 5:00 PM Pacific (Monday - Friday),(509) 535-9882,5706 E Broadway Ave,Spokane Valley,WA,99212,USA
-122.251066,47.43577,Grainger #753 7:00 AM - 5:00 PM Pacific (Monday - Friday),(425) 251-5030,6725 S Todd Blvd,Tukwila,WA,98188,USA
-120.5061272,46.602211,Grainger #801 8:00 AM - 5:00 PM Pacific (Monday - Friday),(509) 457-1518,905 1/2 S 1ST St,Yakima,WA,98901,USA
-88.444602,44.267417,Grainger #339 7:00 AM - 5:00 PM Central (Monday - Friday),(920) 731-9515,600 N Lynndale Dr,Appleton,WI,54914,USA
-88.056239,44.493107,Grainger #326 7:00 AM - 5:00 PM Central (Monday - Friday),(920) 497-2225,751 Morris Ave,Green Bay,WI,54304,USA
-88.034463,44.491781,Grainger #325 7:00 AM - 3:00 PM Central (Monday - Friday),,1919 S Broadway Building 8,Green Bay,WI,54304,USA
-89.311102,43.0899659,Grainger #464 7:00 AM - 5:00 PM Central (Monday - Friday),(608) 221-3861,501 Atlas Ave,Madison,WI,53714,USA
-87.9031606,43.0317202,Grainger #491 7:00 AM - 5:00 PM Central (Monday - Friday),(414) 223-4328,202 N Jackson St,Milwaukee,WI,53202,USA
-88.059139,43.122965,Grainger #489 7:00 AM - 5:00 PM Central (Monday - Friday),(414) 353-7400,5819 N 117TH St,Milwaukee,WI,53225,USA
-87.9269031,42.9173023,Grainger #488 7:00 AM - 5:00 PM Central (Monday - Friday),(414) 762-4422,7025 S 10TH St,Oak Creek,WI,53154,USA
-87.80698,42.686386,Grainger #323 7:00 AM - 5:00 PM Central (Monday - Friday),(262) 554-6887,3711 S Memorial Dr,Racine,WI,53403,USA
-88.204414,43.058151,Grainger #490 7:00 AM - 5:00 PM Central (Monday - Friday),(262) 547-4430,N21 W23020 Watertown Rd,Waukesha,WI,53188,USA
-89.693536,44.95483,Grainger #340 7:00 AM - 5:00 PM Central (Monday - Friday),(715) 848-3024,4455 Stewart Ave,Wausau,WI,54401,USA
-81.6816665,38.377008,Grainger #120 7:30 AM - 5:00 PM Eastern (Monday - Friday),(304) 744-1383,3000 7TH Ave W,Charleston,WV,25312,USA
-82.45179,38.420998,Grainger #122 7:30 AM - 5:00 PM Eastern (Monday - Friday),(304) 523-4231,440 3RD Ave,Huntington,WV,25701,USA
-79.9214939,39.6493047,Grainger #612 7:30 AM - 4:30 PM Eastern (Monday - Friday),(304) 284-9704,2 Airport Blvd,Morgantown,WV,26505,USA
-81.5548098,39.2500531,Grainger #121 7:30 AM - 5:00 PM Eastern (Monday - Friday),(304) 428-6579,900 Division St,Parkersburg,WV,26101,USA
-106.3348758,42.8631065,Grainger #109 7:30 AM - 5:00 PM Mountain (Monday - Friday),(307) 577-5797,1110 Wilkins Cir,Casper,WY,82601,USA
