long,lat,name,info,a,b,c,d,e
-74.035939,40.992566,Trader Joe's; #602,201-263-0134,20 Irvington St,Westwood,NJ,07675,USA
-74.071827,40.948305,Trader Joe's; #605,201-265-9624,404 Rte 17 N,Paramus,NJ,07652,USA
-74.029863,40.753371,Trader Joe's; #611,201-714-4790,1350 Willow Ave,Hoboken,NJ,07030,USA
-73.977707,40.819816,Trader Joe's; #606,201-945-5932,715 River Rd,Edgewater,NJ,07020,USA
-77.053099,38.903933,Trader Joe's; #653,202-296-1921,1101 25th Street NW,Washington,DC,20037,USA
-76.995337,38.884506,Trader Joe's; #622,202-698-0190,750 Pennsylvania Ave SE,Washington,DC,20003,USA
-77.068329,38.917709,Trader Joe's; #620,202-944-8430,2101 Wisconsin Ave NW,Washington,DC,20007,USA
-77.03194,38.916054,Trader Joe's; #662,202-986-1591,1914 14th St NW,Washington,DC,20009,USA
-73.351945,41.140092,Trader Joe's; #521,203-226-8966,400 Post Road East,Westport,CT,06880,USA
-73.548218,41.106053,Trader Joe's; #529,203-32`-8440,1041 High Ridge Rd,Stamford,CT,06905,USA
-73.253686,41.182521,Trader Joe's; #523,203-330-8301,2258 Black Rock Turnpike,Fairfield,CT,06825,USA
-73.461818,41.085152,Trader Joe's; #522,203-656-1414,436 Boston Post Rd,Darien,CT,06820,USA
-73.520009,41.392413,Trader Joe's; #525,203-739-0098,113 Mill Plain Rd,Danbury,CT,06811,USA
-73.019133,41.252338,Trader Joe's; #524,203-795-5505,560 Boston Post Rd,Orange,CT,06477,USA
-86.731256,33.447226,Trader Joe's; #737,205-969-7801,205 Summit Blvd,Birmingham,AL,35234,USA
-122.356957,47.636251,Trader Joe's; #135,206-284-2546,1916 Queen Anne Ave N,Seattle,WA,98109,USA
-122.310114,47.615785,Trader Joe's; #130,206-322-7268,1700 Madison St,Seattle,WA,98122,USA
-122.317703,47.662281,Trader Joe's; #137,206-547-6299,4555 Roosevelt Way N.E.,Seattle,WA,98105,USA
-122.18555,47.614071,Trader Joe's; #162,206-783-0498,416 116th Ave NE,Bellevue,WA,98004,USA
-122.373844,47.662345,Trader Joe's; #147,206-783-0498,4609 14th Ave NW,Seattle,WA,98107,USA
-122.333696,47.460354,Trader Joe's; #133,206-901-9339,15868 1st. Avenue South,Burien,WA,98148,USA
-122.373438,47.56772,Trader Joe's; #157,206-913-0013,4545 Fauntleroy Way SW,Seattle,WA,98126,USA
-70.265319,43.661946,Trader Joe's; #519,207-699-3799,87 Marginal Way,Portland,ME,04101,USA
-116.20356,43.612812,Trader Joe's; #360,208-336-7282,300 S Capitol Blvd,Boise,ID,83702,USA
-116.355103,43.631828,Trader Joe's; #361,208-506-2978,2986 N Eagle Rd,Meridian,ID,83648,USA
-121.320265,38.009479,Trader Joe's; #076,209-951-7597,6535 Pacific Ave,Stockton,CA,95207,USA
-98.49939,29.609556,Trader Joe's; #455,210-545-3123,403 North Loop 1604 West,San Antonio,TX,78232,USA
-98.478235,29.496902,Trader Joe's; #451,210-826-1110,350 E Basse Rd,San Antonio,TX,78209,USA
-73.993943,40.741889,Trader Joe's; #543,212-255-2106,675 6th Ave,New York,NY,10010,USA
-73.98701,40.71619,Trader Joe's; #538,212-477-8340,400 Grand St,New York,NY,10002,USA
-73.988329,40.733637,Trader Joe's; #540,212-529-4612,142 East 14th St,New York,NY,10003,USA
-73.988306,40.733717,Trader Joe's; #541,212-529-6326,138 East 14th St,New York,NY,10003,USA
-73.969193,40.7907,Trader Joe's; #545,212-678-1680,670 Columbus Ave,New York,NY,10025,USA
-74.00475,40.72592,Trader Joe's; #539,212-6911-2721,233 Spring St,New York,NY,10013,USA
-73.98107,40.73055,Trader Joe's; #546,212-777-9412,432 E 14th St,New York,NY,10009,USA
-73.9821106,40.7786839,Trader Joe's; #542,212-799-0028,2073 Broadway,New York,NY,10023,USA
-73.978985,40.743903,Trader Joe's; #544,212-889-3279,200 E 32nd St,New York,NY,10016,USA
-118.284058,34.026539,Trader Joe's; #250,213-749-1497,3131 S Hoover St,Los Angeles,CA,90089,USA
-96.771784,32.88013,Trader Joe's; #401,214-346-6579,7939 Walnut Hill Lane,Dallas,TX,75230,USA
-96.818419,32.851185,Trader Joe's; #405,214-366-0205,5550 W Lovers Lane,Dallas,TX,75209,USA
-96.642667,33.173551,Trader Joe's; #408,214-491-1893,2851 Craig Dr,McKinney,TX,75070,USA
-96.789764,32.822532,Trader Joe's; #400,214-599-2155,4525 Cole Ave,Dallas,TX,75205,USA
-75.162603,39.954173,Trader Joe's; #618,215-563-2170,1324 Arch St,Philadelphia,PA,19017,USA
-75.175051,39.954339,Trader Joe's; #634,215-569-9282,2121 Market St,Philadelphia,PA,19103,USA
-75.223376,40.208192,Trader Joe's; #639,215-646-5870,1430 Bethlehem Pike,North Wales,PA,19454,USA
-75.123108,40.108229,Trader Joe's; #633,215-885-5240,933 Old York Rd,Jenkintown,PA,19046,USA
-81.477722,41.462507,Trader Joe's; #676,216-591-9457,28425 Chagrin Blvd,Woodmere,OH,44122,USA
-77.000802,38.907339,Trader Joe's; #621,220-608-1023,350 Florida Ave NE,Washington,DC,20002,USA
-91.153477,30.421358,Trader Joe's; #754,225-382-0588,3535 Perkins Rd,Baton Rouge,LA,70808,USA
-81.801609,26.267764,Trader Joe's; #762,239-596-5631,10600 Tamiami Trail North,Naples,FL,34108,USA
-83.194477,42.680837,Trader Joe's; #668,248-375-2190,3044 Walton Blvd,Rochester Hills,MI,48309,USA
-83.163745,42.495044,Trader Joe's; #674,248-582-9002,27880 Woodward Ave,Royal Oak,MI,48067,USA
-83.285898,42.544128,Trader Joe's; #675,248-855-2283,6536 Telegraph Rd,Bloomfield Hills,MI,48301,USA
-122.537301,47.222772,Trader Joe's; #148,253-460-2672,3800 Bridgeport Way West,University Place,WA,98466,USA
-122.313601,47.314547,Trader Joe's; #134,253-529-9242,1758 S 320th St,Federal Way,WA,98003,USA
-122.166882,47.358211,Trader Joe's; #163,253-639-3419,12966 SE Kent-Kangley Rd,Kent,WA,98030,USA
-88.069365,43.036254,Trader Joe's; #726,262-784-4806,12665 W Bluemound Rd,Brookfield,WI,53005,USA
-85.651456,42.270919,Trader Joe's; #708,269-372-2049,5099 Century Ave,Kalamazoo,MI,49006,USA
-95.776617,29.73862,Trader Joe's; #429,281-392-4200,2717 Commercial Center Blvd,Katy,TX,77494,USA
-95.537121,30.176273,Trader Joe's; #428,281-465-0254,10868 Kuykendahl Rd,The Woodlands,TX,77381,USA
-95.584464,29.736476,Trader Joe's; #431,281-496-2488,11683 Westheimer Rd,Houston,TX,77077,USA
-77.1266,39.0509,Trader Joe's; #642,301-468-6656,12268-H Rockville Pike,Rockville,MD,20852,USA
-77.004598,39.030976,Trader Joe's; #652,301-681-1675,10741 Columbia Pike,Silver Spring,MD,20901,USA
-77.207011,39.096947,Trader Joe's; #648,301-762-0782,10076 Darnestown Rd,Rockville,MD,20850,USA
-77.090875,38.978067,Trader Joe's; #645,301-907-0982,6831 Wisconsin Ave,Bethesda,MD,20815,USA
-75.542621,39.833872,Trader Joe's; #636,302-478-8494,5605 Concord Pike,Wilmington,DE,19803,USA
-104.98238,39.726619,Trader Joe's; #302,303-318-7112,661 Logan St,Denver,CO,80203,USA
-104.94061,39.728464,Trader Joe's; #300,303-321-1003,750 Colorado Blvd,Denver,CO,80206,USA
-104.9406,39.728971,Trader Joe's; #310,303-321-3245,790 Colorado Blvd,Denver,CO,80206,USA
-105.258315,40.019922,Trader Joe's; #301,303-443-0160,1906 28th St,Boulder,CO,80301,USA
-104.958107,39.608356,Trader Joe's; #303,303-730-3848,5910 S University Blvd,Greenwood Village,CO,80121,USA
-80.142281,25.791742,Trader Joe's; #779,305-534-4951,1683 West Ave,Miami Beach,FL,33139,USA
-80.312523,25.684263,Trader Joe's; #770,305-661-1432,9205 S Dixie Hwy,Miami,FL,33156,USA
-118.393152,34.025351,Trader Joe's; #036,310-202-1108,9290 Culver Blvd,Culver City,CA,90232,USA
-118.377098,34.07119,Trader Joe's; #237,310-248-2984,8500 Burton Way,Los Angeles,CA,90048,USA
-118.480232,34.033287,Trader Joe's; #253,310-264-2223,2300 Wilshire Blvd,Santa Monica,CA,90403,USA
-118.459276,33.981887,Trader Joe's; #205,310-301-4461,4675 Admiralty Way,Marina Del Rey,CA,90292,USA
-118.393552,33.988108,Trader Joe's; #251,310-313-0441,6150 Slauson Ave,Culver City,CA,90230,USA
-118.385859,33.817812,Trader Joe's; #038,310-316-1745,1761 South Elena Ave,Redondo Beach,CA,90277,USA
-118.393085,33.86365,Trader Joe's; #248,310-318-1767,1100 Pacific Coast Hwy,Hermosa Beach,CA,90254,USA
-118.330828,33.790564,Trader Joe's; #029,310-326-9520,2545 Pacific Coast Hwy,Torrance,CA,90505,USA
-118.396364,33.959138,Trader Joe's; #033,310-338-9238,8645 South Sepulveda,Westchester,CA,90045,USA
-118.380352,33.887537,Trader Joe's; #034,310-372-1274,1821 Manhattan Beach Blvd,Manhattan Beach,CA,90266,USA
-118.421375,34.03017,Trader Joe's; #007,310-470-1917,10850 National Blvd,West Los Angeles,CA,90064,USA
-118.449425,34.033753,Trader Joe's; #215,310-477-5949,11755 W Olympic Blvd,Los Angeles,CA,90064,USA
-118.4493,34.0336,Trader Joe's; #215,310-477-5949,11755 W Olympic Blvd,West Los Angeles,CA,90064,USA
-118.40706,33.749265,Trader Joe's; #233,310-544-1727,31176 Hawthorne Blvd,Rancho Palos Verdes,CA,90275,USA
-118.456109,34.026285,Trader Joe's; #006,310-581-0253,3212 Pico Blvd,Santa Monica,CA,90405,USA
-118.379385,34.088093,Trader Joe's; #173,310-657-0152,8611 Santa Monica Blvd,West Hollywood,CA,90069,USA
-118.380927,33.901663,Trader Joe's; #106,310-725-9800,1800 Rosecrans Blvd,Manhattan Beach,CA,90266,USA
-118.353456,33.8528,Trader Joe's; #121,310-793-8585,19720 Hawthorne Blvd,Torrance,CA,90503,USA
-118.4439,34.0624,Trader Joe's; #234,310-824-1495,1000 Glendon Ave,Los Angeles,CA,90024,USA
-118.311572,33.757407,Trader Joe's; #057,310-832-1241,28901 South Western Ave,Rancho Palos Verdes,CA,90275,USA
-118.422666,34.020059,Trader Joe's; #119,310-836-2458,3456 S. Sepulveda Blvd,West Los Angeles,CA,90034,USA
-87.654542,41.914392,Trader Joe's; #691,312-274-9733,1840 N. Clybourn Ave,Chicago,IL,60614,USA
-87.625641,41.867619,Trader Joe's; #701,312-588-0489,1147 S Wabash Ave,Chicago,IL,60605,USA
-87.626478,41.893438,Trader Joe's; #696,312-951-6369,44 E Ontario St,Chicago,IL,60611,USA
-82.916422,42.389892,Trader Joe's; #665,313-640-7794,17028 Kercheval Ave,Grosse Pointe,MI,48230,USA
-90.435722,38.671436,Trader Joe's; #694,314-569-0427,11505 Olive Blvd,Creve Coeur,MO,63141,USA
-90.341323,38.627777,Trader Joe's; #692,314-963-0253,48 Brentwood Promenade Court,Brentwood,MO,63144,USA
-90.468153,38.600848,Trader Joe's; #695,314-984-5051,13343 Manchester Rd,Des Peres,MO,63131,USA
-76.069586,43.045829,Trader Joe's; #537,315-446-1629,3422 Erie Blvd E,Syracuse,NY,13214,USA
-97.243757,37.716273,Trader Joe's; #729,316-634-1846,1800 N Rock d,Wichita,KS,67206,USA
-86.211449,39.912037,Trader Joe's; #670,317-337-1880,2902 West 86th St,Indianapolis,IN,46268,USA
-86.075229,39.904765,Trader Joe's; #671,317-595-8950,5473 East 82nd St,Indianapolis,IN,46250,USA
-91.59982,41.68645,Trader Joe's; #728,319-351-7223,920 Ponseti Way,Coralville,IA,52241,USA
-118.199929,34.139363,Trader Joe's; #055,323-257-6422,1566 Colorado Blvd,Eagle Rock,CA,90041,USA
-118.271714,34.107919,Trader Joe's; #017,323-665-6774,2738 Hyperion Ave,Los Angeles,CA,90027,USA
-118.364446,34.097987,Trader Joe's; #192,323-822-7663,8000 W Sunset Blvd,Los Angeles,CA,90046,USA
-118.326,34.0998,Trader Joe's; #206,323-856-0689,1600 N Vine St,Los Angeles,CA,90028,USA
-118.361484,34.072693,Trader Joe's; #240,323-931-4012,175 S Fairfax Ave,Los Angeles,CA,90036,USA
-118.344165,34.069703,Trader Joe's; #031,323-965-1989,263 S La Brea,Los Angeles,CA,90036,USA
-118.349257,34.090699,Trader Joe's; #040,323-969-8048,7310 Santa Monica Blvd,West Hollywood,CA,90046,USA
-79.857841,36.131294,Trader Joe's; #750,336-286-7859,3721 Battleground Ave,Greensboro,NC,27410,USA
-80.278089,36.094797,Trader Joe's; #749,336-721-1744,252 S Stratford RD,Winston-Salem,NC,27103,USA
-82.37873,29.621492,Trader Joe's; #764,352-378-9321,3724 SW Archer Rd,Gainesville,FL,32608,USA
-122.681238,47.656114,Trader Joe's; #158,360-307-7224,9991 Mickelberry Rd,Silverdale,WA,98383,USA
-122.938267,47.034266,Trader Joe's; #156,360-352-7440,1530 Black Lake Blvd SW,Olympia,WA,98502,USA
-122.464727,48.761973,Trader Joe's; #151,360-734-5166,2410 James St,Bellingham,WA,98225,USA
-122.554644,45.619438,Trader Joe's; #136,360-883-9000,305 S.E. Chkalov Dr,Vancouver,WA,98683,USA
-71.489225,41.711672,Trader Joe's; #518,401-821-5368,1000 Bald Hill Rd,Warwick,RI,02886,USA
-96.674459,40.741048,Trader Joe's; #722,402-328-0120,3120 Pine Lake Rd,Lincoln,NE,68516,USA
-96.07359,41.2486758,Trader Joe's; #719,402-391-3698,10305 Pacific St,Omaha,NE,68114,USA
-84.378934,33.926144,Trader Joe's; #731,404-236-2414,6277 Roswell Rd. NE,Sandy Springs,GA,30328,USA
-84.369127,33.779837,Trader Joe's; #730,404-815-9210,931 Monroe Dr,Atlanta,GA,30308,USA
-84.37529,33.841071,Trader Joe's; #735,404-842-0907,3183 Peachtree Rd NE,Atlanta,GA,30305,USA
-97.532036,35.537846,Trader Joe's; #461,405-843-5655,6409 Avondale Dr,Nichols Hills,OK,73116,USA
-81.496742,28.450544,Trader Joe's; #768,407-345-0611,8323 W Sand Lake Rd,Orlando,FL,32819,USA
-81.365868,28.598183,Trader Joe's; #765,407-622-0874,131 N Orlando Ave,Winter Park,FL,32789,USA
-122.06778,37.337762,Trader Joe's; #127,408-245-1917,2310 Homestead Rd,Los Altos,CA,94024,USA
-121.909057,37.341154,Trader Joe's; #212,408-298-9731,635 Coleman Ave,San Jose,CA,95110,USA
-121.95902,37.243786,Trader Joe's; #181,408-356-2324,15466 Los Gatos Blvd,Los Gatos,CA,95032,USA
-121.931872,37.28951,Trader Joe's; #073,408-369-7823,1875 Bascom Ave,Campbell,CA,95008,USA
-122.0004,37.3069,Trader Joe's; #062,408-446-5055,5269 Prospect Rd,San Jose,CA,95129,USA
-122.035921,37.368215,Trader Joe's; #068,408-736-7573,316 West El Camino Real,Sunnyvale,CA,94087,USA
-121.637132,37.131251,Trader Joe's; #202,408-778-6409,17035 Laurel Rd,Morgan Hill,CA,95037,USA
-122.031449,37.312115,Trader Joe's; #232,408-873-7384,7250 Bollinger Rd,San Jose,CA,95129,USA
-121.875771,37.252301,Trader Joe's; #063,408-927-9091,5353 Almaden Expressway,San Jose,CA,95118,USA
-76.618882,39.411683,Trader Joe's; #649,410-296-9851,800 Kenilworth Dr,Towson,MD,21204,USA
-76.736854,39.387343,Trader Joe's; #655,410-484-8373,1809 Reisterstown Rd,Pikesville,MD,21208,USA
-76.5367,38.9853,Trader Joe's; #650,410-573-0505,160 F Jennifer Rd,Annapolis,MD,21401,USA
-76.794657,39.188356,Trader Joe's; #658,410-953-8139,6610 Marie Curie Dr,Elkridge,MD,21075,USA
-79.919163,40.458868,Trader Joe's; #638,412-363-5748,6343 Penn Ave,Pittsburgh,PA,15206,USA
-80.022469,40.570186,Trader Joe's; #624,412-366-1131,9020 Covenant Ave,Pittsburgh,PA,15237,USA
-80.051096,40.350212,Trader Joe's; #630,412-835-2212,1630 Washington Road,Pittsburgh,PA,15241,USA
-72.549791,42.358102,Trader Joe's; #512,413-587-3260,375 Russell St,Hadley,MA,01035,USA
-87.916258,43.118901,Trader Joe's; #711,414-962-3382,5600 North Port Washington Rd,Milwaukee,WI,53217,USA
-122.417422,37.79082,Trader Joe's; #200,415-292-7665,1095 Hyde St,San Francisco,CA,94109,USA
-122.447396,37.782678,Trader Joe's; #100,415-346-9964,3 Masonic Ave,San Francisco,CA,94118,USA
-122.41376,37.805443,Trader Joe's; #019,415-351-1013,401 Bay St,San Francisco,CA,94133,USA
-122.516919,37.970378,Trader Joe's; #061,415-454-9530,337 Third St,San Rafael,CA,94901,USA
-122.405609,37.785558,Trader Joe's; #225,415-536-7801,10 4th St,San Francisco,CA,94103,USA
-122.475651,37.726808,Trader Joe's; #236,415-665-1835,265 Winston Dr,San Francisco,CA,94132,USA
-122.4122,37.7718,Trader Joe's; #078,415-863-1292,555 Ninth St,San Francisco,CA,94103,USA
-122.568345,38.111635,Trader Joe's; #198,415-898-9359,7514 Redwood Blvd,Novato,CA,94945,USA
-122.514911,37.905144,Trader Joe's; #235,415-945-7955,2052 Redwood Hwy,Greenbrae,CA,94904,USA
-122.220839,47.910409,Trader Joe's; #139,425-513-2210,811 S.E. Everett Mall Way,Everett,WA,98208,USA
-122.05206,47.544928,Trader Joe's; #138,425-557-6420,975 NW Gilman Blvd,Issaquah,WA,98027,USA
-122.132642,47.63158,Trader Joe's; #131,425-641-5069,15563 NE 24th St,Bellevue,WA,98007,USA
-122.313927,47.820049,Trader Joe's; #129,425-744-1346,19715 Hwy 99,Lynnwood,WA,98036,USA
-122.180343,47.710594,Trader Joe's; #132,425-823-1685,12520 Totem Lake Blvd NE,Kirkland,WA,98034,USA
-122.03549,47.613547,Trader Joe's; #160,425-836-0837,490 228th Ave NE,Sammamish,WA,98074,USA
-122.127799,47.625596,Trader Joe's; #140,425-883-1624,15932 Redmond Way,Redmond,WA,98052,USA
-78.492594,38.064553,Trader Joe's; #661,434-974-1466,2025 Bond St,Charlottesville,VA,22901,USA
-81.951086,41.457352,Trader Joe's; #677,440-250-1592,175 Market St,Westlake,OH,44145,USA
-96.770561,32.814907,Trader Joe's; #403,469-334-0614,2001 Greenville Ave,Dallas,TX,75206,USA
-111.8887,33.6076,Trader Joe's; #087,480-367-8920,7555 East Frank Lloyd Wright Blvd,Scottsdale,AZ,85260,USA
-111.787486,33.379237,Trader Joe's; #089,480-632-0951,2050 East Baseline Road,Mesa,AZ,85204,USA
-111.994749,33.304029,Trader Joe's; #177,480-759-2295,4025 E. Chandler Blvd; Ste 38,Ahwatukee,AZ,85048,USA
-111.911363,33.361829,Trader Joe's; #093,480-838-4142,6460 South McClintock,Tempe,AZ,85283,USA
-111.751465,33.306702,Trader Joe's; #285,480-857-9878,1779 E Williams Field Rd,Gilbert,AZ,85295,USA
-111.92603,33.528361,Trader Joe's; #094,480-948-9886,6202 North Scottsdale Road,Scottsdale,AZ,85253,USA
-92.401726,34.748238,Trader Joe's; #756,501-954-7659,11500 Financial Centre Pkwy,Little Rock,AR,72211,USA
-85.628168,38.250681,Trader Joe's; #628,502-895-1361,4600 Shelbyville Road,Louisville,KY,40207,USA
-122.621024,45.533992,Trader Joe's; #144,503-284-1694,4121 N.E. Halsey St,Portland,OR,97213,USA
-123.034062,44.889634,Trader Joe's; #153,503-378-9042,4450 Commercial St,Salem,OR,97302,USA
-122.797462,45.486687,Trader Joe's; #141,503-626-3794,11753 SW Beaverton Hillsdale Hwy,Beavrtton,OR,97005,USA
-122.743095,45.41373,Trader Joe's; #142,503-639-3238,15391 S. W. Bangy Rd,Lake Oswego,OR,97035,USA
-122.867624,45.536813,Trader Joe's; #149,503-645-8321,2285 NW 185th Ave,Hillsboro,OR,97124,USA
-122.579342,45.455791,Trader Joe's; #152,503-771-6300,9345 SE 82nd Ave,Clackamas,OR,97086,USA
-122.623049,45.4886,Trader Joe's; #143,503-777-1601,4715 S.E. 39th Ave,Portland,OR,97202,USA
-83.769456,31.136266,Trader Joe's; #755,504-831-0253,2949 Veterans Blvd,Metairie,LA,70002,USA
-106.54371,35.175563,Trader Joe's; #166,505-796-0311,8928 Holly Ave. NE,Albuquerque,NM,87122,USA
-106.566242,35.101493,Trader Joe's; #167,505-883-3662,2200 Uptown Loop NE,Albuquerque,NM,87110,USA
-105.953324,35.673906,Trader Joe's; #165,505-995-8145,530 West Cordova Rd,Santa Fe,NM,87505,USA
-92.480776,44.000963,Trader Joe's; #718,507-281-4411,1200 16th St. SW,Rochester,MN,55902,USA
-71.26313,42.08791,Trader Joe's; #528,508-543-1978,350 Patriot Place,Foxborough,MA,02035,USA
-71.75063,42.274872,Trader Joe's; #508,508-755-9560,77 Boston Turnpike,Shrewsbury,MA,01545,USA
-70.291959,41.667086,Trader Joe's; #514,508-790-3008,655 Route 132,Hyannis,MA,02601,USA
-71.424243,42.298608,Trader Joe's; #503,508-935-2931,659 Worcester Rd,Framingham,MA,01701,USA
-117.41116,47.708161,Trader Joe's; #164,509-487-4188,5520 N Division St,Spokane,WA,99208,USA
-117.367434,47.628192,Trader Joe's; #159,509-534-1077,2975 East 29th Ave,Spokane,WA,99223,USA
-122.2733151,37.8715886,Trader Joe's; #186,510-204-9074,1885 University Ave,Berkeley,CA,94703,USA
-122.285907,37.994535,Trader Joe's; #230,510-222-3501,2742 Pinole Valley Rd,Pinole,CA,94564,USA
-122.244909,37.810316,Trader Joe's; #203,510-238-9076,3250 Lakeshore Ave,Oakland,CA,94610,USA
-122.301774,37.899184,Trader Joe's; #108,510-514-7609,225 El Cerrito Plaza,El Cerrito,CA,94530,USA
-122.073365,37.685247,Trader Joe's; #084,510-538-2738,22224 Redwood Road,Castro Valley,CA,94546,USA
-122.29425,37.836975,Trader Joe's; #072,510-658-8091,5700 Christie Ave,Emeryville,CA,94608,USA
-122.253424,37.757268,Trader Joe's; #109,510-769-5450,2217 South Shore Center,Alameda,CA,94501,USA
-121.986739,37.543442,Trader Joe's; #077,510-794-1386,39324 Argonaut Way,Fremont,CA,94538,USA
-122.252044,37.845428,Trader Joe's; #231,510-923-9428,5727 College Ave,Oakland,CA,94618,USA
-97.751503,30.39505,Trader Joe's; #454,512-241-1248,9722 Great Hills Trail,Austin,TX,78759,USA
-97.789223,30.270309,Trader Joe's; #453,512-306-1032,2805 Bee Cave Rd,Austin,TX,78746,USA
-97.753359,30.26639,Trader Joe's; #452,512-474-2263,211 Seaholm Dr,Austin,TX,78703,USA
-84.381091,39.198506,Trader Joe's; #669,513-984-3452,7788 Montgomery Rd,Cincinnati,OH,45236,USA
-93.795623,41.561843,Trader Joe's; #721,515-225-3820,6305 Mills Civic Pkwy,West Des Moines,IA,50266,USA
-73.640989,40.627618,Trader Joe's; #552,516-536-9163,3418 Long Beach Rd,Oceanside,NY,11572,USA
-73.701647,40.639082,Trader Joe's; #554,516-569-7191,1280 West Broadway,Hewlett,NY,11557,USA
-73.558619,40.653714,Trader Joe's; #553,516-771-1012,1714 Merrick Rd,Merrick,NY,11566,USA
-73.604456,40.743662,Trader Joe's; #550,516-794-0174,910 Old Country Road,Garden City,NY,11530,USA
-73.502629,40.781514,Trader Joe's; #555,516-933-6900,425 S. Oyster Bay Rd,Plainview,NY,11803,USA
-73.812825,42.714778,Trader Joe's; #535,518-482-4538,79 Wolf Road,Colonie,NY,12205,USA
-110.891253,32.250463,Trader Joe's; #088,520-323-4500,4766 East Grant Road,Tucson,AZ,85712,USA
-110.943961,32.283267,Trader Joe's; #191,520-325-0069,4209 North Campbell Avenue,Tucson,AZ,85719,USA
-110.858746,32.237074,Trader Joe's; #095,520-733-1313,1101 North Wilmot Road,Tucson,AZ,85712,USA
-110.974958,32.350274,Trader Joe's; #096,520-797-4207,7912 North Oracle,Oro Valley,AZ,85704,USA
-122.355675,40.592843,Trader Joe's; #219,530-223-4875,845 Browning St,Redding,CA,96003,USA
-121.846873,39.758615,Trader Joe's; #199,530-343-9920,801 East Ave,Chico,CA,95926,USA
-121.761846,38.546806,Trader Joe's; #182,530-757-2693,885 Russell Blvd,Davis,CA,95616,USA
-121.299449,44.102579,Trader Joe's; #150,541-312-4198,63455 North Highway 97,Bend,OR,97701,USA
-123.074388,44.066244,Trader Joe's; #145,541-485-1744,85 Oakway Center,Eugene,OR,97401,USA
-122.921608,42.340797,Trader Joe's; #155,541-608-4993,55 Rossanley Dr,Medford,OR,97501,USA
-123.258522,44.582329,Trader Joe's; #154,541-753-0048,1550 NW 9th St,Corvallis,OR,97330,USA
-119.728445,36.84926,Trader Joe's; #180,559-325-3120,1077 N. Willow,Clovis,CA,93611,USA
-119.785643,36.856872,Trader Joe's; #008,559-433-6478,8478 N Friant Rd,Fresno,CA,93720,USA
-80.33483,26.438733,Trader Joe's; #771,561-278-1493,1851 S Federal Hwy,Delray Beach,FL,33483,USA
-80.086586,26.342331,Trader Joe's; #773,561-338-5031,855 S Federal Hwy,Boca Raton,FL,33432,USA
-80.074445,26.844627,Trader Joe's; #772,561-514-6455,2560 PGA Blvd,Palm Beach Gardens,FL,33410,USA
-80.203452,26.638189,Trader Joe's; #774,561-656-1067,2877 S SR 7,Wellington,FL,33414,USA
-117.969156,33.918524,Trader Joe's; #005,562-266-1428,2101 W Imperial Hwy,La Habra,CA,90631,USA
-118.058488,33.868234,Trader Joe's; #104,562-402-5148,12861 Towne Center Dr,Cerritos,CA,90703,USA
-118.1894,33.385649,Trader Joe's; #116,562-422-1020,4210 Long Beach Blvd,Long Beach,CA,90807,USA
-118.125034,33.797084,Trader Joe's; #194,562-596-2514,2222 Bellflower Blvd,Long Beach,CA,90815,USA
-118.110254,33.757294,Trader Joe's; #043,562-596-4388,6451 E. Pacific Coast Hwy,Long Beach,CA,90803,USA
-118.006115,33.948931,Trader Joe's; #048,562-698-1642,15025 E. Whittier Blvd,Whittier,CA,90603,USA
-77.537891,43.102163,Trader Joe's; #534,585-248-5011,3349 Monroe Ave,Rochester,NY,14618,USA
-111.979655,33.582914,Trader Joe's; #282,602-485-7788,4726 East Shea Blvd,Phoenix,AZ,85028,USA
-112.038734,33.507184,Trader Joe's; #090,602-912-9022,4821 N. 20th St,Phoenix,AZ,85016,USA
-71.309006,42.644356,Trader Joe's; #562,603-222-3074,2 Market St,Bedford,NH,03110,USA
-70.796153,43.093339,Trader Joe's; #520,603-431-2654,45 Gosling Rd,Newington,NH,03801,USA
-71.463052,42.756048,Trader Joe's; #507,603-888-5460,262 Daniel Webster Hwy,Nashua,NH,03060,USA
-89.416741,43.065363,Trader Joe's; #712,608-257-1916,1810 Monroe St,Madison,WI,53711,USA
-74.664785,40.309161,Trader Joe's; #607,609-897-0581,3528 US 1 (Brunswick Pike),Princeton,NJ,08540,USA
-75.43169,40.073015,Trader Joe's; #632,610-225-0925,171 East Swedesford Rd,Wayne,PA,19087,USA
-75.287423,40.007763,Trader Joe's; #635,610-658-0645,112 Coulter Ave,Ardmore,PA,19003,USA
-75.388914,39.91771,Trader Joe's; #637,610-891-2752,12 East State St,Media,PA,19063,USA
-93.258408,44.977539,Trader Joe's; #725,612-339-2110,721 Washington Ave S,Minneapolis,MN,55415,USA
-82.917843,40.049237,Trader Joe's; #679,614-473-0794,3888 Townsfair Way,Columbus,OH,43219,USA
-83.091714,40.095928,Trader Joe's; #672,614-793-8505,6355 Sawmill Rd,Dublin,OH,43017,USA
-86.81412,36.10572,Trader Joe's; #664,615-297-6560,3909 Hillsboro Pike,Nashville,TN,37215,USA
-86.852143,36.130405,Trader Joe's; #739,615-356-1066,90 White Bridge Rd,Nashville,TN,37205,USA
-85.576571,42.912535,Trader Joe's; #707,616-977-1819,3684 28th st SE,Kentwood,MI,49512,USA
-71.219568,42.349673,Trader Joe's; #509,617-244-1620,1121 Washington St,West Newton,MA,02465,USA
-71.08501,42.348464,Trader Joe's; #510,617-262-6505,899 Boylston St,Boston,MA,02115,USA
-71.12088,42.341947,Trader Joe's; #501,617-278-9997,1317 Beacon St,Brookline,MA,02446,USA
-71.115591,42.358124,Trader Joe's; #502,617-491-8582,748 Memorial Dr,Cambridge,MA,02139,USA
-71.14331,42.389655,Trader Joe's; #517,617-498-3201,211 Alewife Brook Pkwy,Cambridge,MA,02138,USA
-71.083656,42.394859,Trader Joe's; #560,617-591-0124,145 Middlesex Ave,Somerville,MA,02145,USA
-71.12998,42.36303,Trader Joe's; #561,617-787-1238,199 N Harvard St,Allston,MA,02134,USA
-71.04736,42.35177,Trader Joe's; #566,617-941-3714,44 Thomson Pl,Boston,MA,02210,USA
-117.07028,32.7719,Trader Joe's; #224,619-229-9092,5140 College Ave,San Diego,CA,92115,USA
-117.153763,32.748666,Trader Joe's; #026,619-296-3122,1090 University Ave,San Diego,CA,92103,USA
-117.15345,32.76478,Trader Joe's; #222,619-297-0749,1072 Camino Del Rio North,San Diego,CA,92108,USA
-117.006748,32.778692,Trader Joe's; #024,619-466-0105,5495 Grossmont Center Dr,La Mesa,CA,91942,USA
-116.969649,32.652018,Trader Joe's; #120,619-656-5370,878 Eastlake Pkwy,Chula Vista,CA,91914,USA
-117.21735,32.736106,Trader Joe's; #188,619-758-9272,2401 Truxtun Rd,San Diego,CA,92106,USA
-112.363663,33.648742,Trader Joe's; #092,623-546-1640,14095 West Grand Ave,Surprise,AZ,85374,USA
-112.225166,33.638437,Trader Joe's; #085,623-776-7414,7720 West Bell Road,Glendale,AZ,85308,USA
-118.078027,34.154033,Trader Joe's; #171,626-351-3399,467 Rosemead Blvd,Pasadena,CA,91107,USA
-118.089824,34.127501,Trader Joe's; #032,626-356-2963,3035 E Huntington Dr,Pasadena,CA,91107,USA
-118.0118,34.140063,Trader Joe's; #112,626-358-8884,604 W. Huntington Dr,Monrovia,CA,91016,USA
-118.132561,34.139748,Trader Joe's; #179,626-395-9553,345 South Lake Ave,Pasadena,CA,91101,USA
-118.162898,34.115563,Trader Joe's; #018,626-441-6263,613 Mission St,South Pasadena,CA,91030,USA
-118.147133,34.135162,Trader Joe's; #051,626-568-9254\,610 South Arroyo Pkwy,Pasadena,CA,91105,USA
-122.343554,47.75596,Trader Joe's; #270,626-599-3700,1201 N 175th St,Shoreline,WA,98133,USA
-87.990033,41.809837,Trader Joe's; #683,630-241-1662,122 Ogden Ave,Downers Grove,IL,60515,USA
-88.141857,41.755614,Trader Joe's; #690,630-355-4389,44 West Gartner Rd,Naperville,IL,60540,USA
-88.058245,41.859537,Trader Joe's; #680,630-858-5077,680 Roosevelt Rd,Glen Ellyn,IL,60137,USA
-88.332079,41.863842,Trader Joe's; #689,630-879-3234,1942 West Fabyan Parkway,Batavia,IL,60510,USA
-73.132637,40.865709,Trader Joe's; #556,631-366-2094,2085 Smith Haven Plaza,Lake Grove,NY,11755,USA
-73.3069,40.84067,Trader Joe's; #551,631-493-9210,5900 Jericho Turnpike,Commack,NY,11725,USA
-90.566344,38.644077,Trader Joe's; #693,636-536-7846,1679 Clarkson Rd,Chesterfield,MO,63017,USA
-122.395985,37.603901,Trader Joe's; #170,650-259-9142,765 Broadway,Millbrae,CA,94030,USA
-122.299511,37.535456,Trader Joe's; #245,650-286-1509,45 W Hillsdale Blvd,San Mateo,CA,94403,USA
-122.183409,37.451248,Trader Joe's; #069,650-323-2134,720 Menlo Ave,Menlo Park,CA,94025,USA
-122.158602,37.439515,Trader Joe's; #207,650-327-7018,855 El Camino Real,Palo Alto,CA,94301,USA
-122.302295,37.554539,Trader Joe's; #067,650-570-6140,1820 S. Grant St,San Mateo,CA,94402,USA
-122.446251,37.664932,Trader Joe's; #187,650-583-6401,301 McLellan Dr,South San Francisco,CA,94080,USA
-122.248093,37.496752,Trader Joe's; #174,650-594-2138,1482 El Camino Real,San Carlos,CA,94070,USA
-122.468123,37.698901,Trader Joe's; #074,650-755-3825,417 Westlake Center,Daly City,CA,94015,USA
-122.108646,37.400855,Trader Joe's; #081,650-917-1013,590 Showers Dr,Mountain View,CA,94040,USA
-93.1465,44.926829,Trader Joe's; #716,651-698-3119,484 Lexington Pkwy S,St. Paul,MN,55116,USA
-92.924605,44.943604,Trader Joe's; #715,651-735-0269,8960 Hudson Rd,Woodbury,MN,55125,USA
-93.144767,45.057466,Trader Joe's; #727,651-765-1398,1041 Red Fox Rd,Shoreview,MN,55126,USA
-118.536254,34.428501,Trader Joe's; #013,661-263-3796,26517 Bouquet Canyon Rd,Santa Clarita,CA,91350,USA
-119.094018,35.355432,Trader Joe's; #014,661-837-8863,8200 Stockdale Hwy,Bakersfield,CA,93311,USA
-118.147809,34.599432,Trader Joe's; #185,661-947-2890,39507 10th Street West,Palmdale,CA,93551,USA
-84.428197,33.982653,Trader Joe's; #732,678-560-3585,4250 Roswell Rd,Marietta,GA,30062,USA
-84.21634,33.979997,Trader Joe's; #734,678-966-9236,5185 Peachtree Pkwy,Norcross,GA,30092,USA
-115.335107,36.149669,Trader Joe's; #284,702-242-0597,2315 Summa Dr,Las Vegas,NV,89135,USA
-115.259134,36.181263,Trader Joe's; #086,702-242-8240,7575 W. Washington,Las Vegas,NV,89128,USA
-115.256813,36.263692,Trader Joe's; #098,702-396-3372,5639 Centennial Ctr Blvd,Las Vegas,NV,89149,USA
-115.108531,36.001959,Trader Joe's; #280,702-407-8673,10345 South Eastern Ave,Henderson,NV,89052,USA
-115.082168,36.069893,Trader Joe's; #097,702-433-6773,2716 North Green Valley Pkwy,Henderson,NV,89014,USA
-77.203786,38.904542,Trader Joe's; #641,703-288-0566,7514 Leesburg Turnpike,Falls Church,VA,22043,USA
-77.094773,38.886191,Trader Joe's; #640,703-351-8015,1109 N Highland Street,Arlington,VA,22201,USA
-78.834633,36.92696,Trader Joe's; #644,703-379-5883,5847 Leesburg Pike,Bailey's Crossroads,VA,22041,USA
-77.044732,38.810866,Trader Joe's; #647,703-548-0611,612 N. Saint Asaph St,Alexandria,VA,22314,USA
-77.189134,38.781698,Trader Joe's; #651,703-569-9301,6394 Springfield Plaza,Springfield,VA,22150,USA
-77.359457,38.967221,Trader Joe's; #646,703-689-0865,11958 Killingsworth Ave,Reston,VA,20194,USA
-77.271169,38.841312,Trader Joe's; #643,703-764-8550,9464 Main St,Fairfax,VA,22031,USA
-77.435092,38.838937,Trader Joe's; #654,703-815-0697,14100 Lee Highway,Centerville,VA,20120,USA
-77.452278,39.05074,Trader Joe's; #619,703-858-5993,44755 Brimfield Dr,Ashburn,VA,20147,USA
-80.835169,35.21361,Trader Joe's; #744,704-334-0737,1133 Metropolitan Ave,Charlotte,NC,28204,USA
-80.816794,35.079607,Trader Joe's; #742,704-543-5249,6418 Rea Rd,Charlotte,NC,28277,USA
-80.745138,35.322509,Trader Joe's; #743,704-688-9578,1820 E Arbors Dr,Charlotte,NC,28262,USA
-83.443574,33.917153,Trader Joe's; #736,706-583-8934,1850 Epps Bridge Pkwy,Athens,GA,30606,USA
-122.306136,38.32234,Trader Joe's; #128,707-256-0806,3654 Bel Aire Plaza,Napa,CA,94558,USA
-122.052895,38.263904,Trader Joe's; #101,707-434-0144,1350 Gateway Blvd,Fairfield,CA,94533,USA
-122.731026,38.472901,Trader Joe's; #075,707-525-1406,3225 Cleveland Ave,Santa Rosa,CA,95403,USA
-122.713324,38.41824,Trader Joe's; #178,707-535-0788,2100 Santa Rosa Ave,Santa Rosa,CA,95407,USA
-122.628064,38.250298,Trader Joe's; #107,707-769-2782,169 North McDowell Blvd,Petaluma,CA,94954,USA
-87.853755,41.619088,Trader Joe's; #686,708-349-9021,14924 S. La Grange Rd,Orland Park,IL,60462,USA
-87.804901,41.889935,Trader Joe's; #697,708-386-1169,483 N Harlem Ave,Oak Park,IL,60301,USA
-87.869515,41.817022,Trader Joe's; #685,708-579-0838,25 North La Grange Rd,La Grange,IL,60525,USA
-95.501252,29.751923,Trader Joe's; #427,713-266-2377,1440 S Voss Rd,Houston,TX,77057,USA
-95.410265,29.813403,Trader Joe's; #426,713-526-4034,2922 Shepard Dr,Houston,TX,77098,USA
-117.870309,33.910345,Trader Joe's; #011,714-257-1180,2500 E Imperial Hwy,Brea,CA,92821,USA
-117.836788,33.823339,Trader Joe's; #046,714-283-5697,2114 N. Tustin Ave,Orange,CA,92865,USA
-117.885334,33.70325,Trader Joe's; #113,714-424-9304,3329 S. Bristol St,Santa Ana,CA,92704,USA
-117.809052,33.747871,Trader Joe's; #197,714-505-3289,1198 Irvine Blvd,Tustin,CA,92780,USA
-118.050275,33.717658,Trader Joe's; #244,714-846-7307,16821 Algonquin St,Huntington Beach,CA,92649,USA
-117.992278,33.691618,Trader Joe's; #047,714-848-9640,18681 Main St,Huntington Beach,CA,92648,USA
-117.953824,33.651926,Trader Joe's; #241,714-968-4070,21431 Brookhurst St,Huntington Beach,CA,92646,USA
-117.791982,33.888888,Trader Joe's; #176,714-970-0166,19655 Yorba Linda Blvd,Yorba Linda,CA,92886,USA
-78.820648,42.998463,Trader Joe's; #536,716-833-4687,1565 Niagara Falls Blvd,Buffalo,NY,14228,USA
-73.98322,40.690753,Trader Joe's; #547,718-243-0107,445 Gold St,Brooklyn,NY,11201,USA
-73.992603,40.689598,Trader Joe's; #558,718-246-8460,130 Court St,Brooklyn,NY,11201,USA
-73.85917,40.711608,Trader Joe's; #557,718-275-1791,9030 Metropolitan Ave,Rego Park,NY,11374,USA
-74.165438,40.589444,Trader Joe's; #559,718-370-1085,2385 Richmond Ave,Staten Island,NY,10314,USA
-104.817131,38.905066,Trader Joe's; #305,719-264-0123,5342 N Nevada Ave,Colorado Springs,CO,80918,USA
-82.638954,27.797379,Trader Joe's; #767,727-824-0907,2742 4th St N,St. Petersburg,FL,33704,USA
-105.085352,39.610665,Trader Joe's; #306,729-981-4563,8055 West Bowles Ave,Littleton,CO,80120,USA
-74.062485,40.316621,Trader Joe's; #608,732-389-2535,1031 Broad St.,Shrewsbury,NJ,07702,USA
-74.142661,40.05818,Trader Joe's; #615,732-477-4781,110 Brick Plaza,Brick,NJ,08723,USA
-74.556511,40.563721,Trader Joe's; #614,732-805-0268,315 Promenade Blvd,Bridgewater,NJ,08807,USA
-74.45803,40.462013,Trader Joe's; #612,732-993-1403,869 Hwy 1,North Brunswick,NJ,08902,USA
-83.435524,42.437187,Trader Joe's; #667,734-464-3675,18771 Traditions Dr,Northville,MI,48167,USA
-83.71327,42.259451,Trader Joe's; #678,734-975-2455,2398 East Stadium Blvd,Ann Arbor,MI,48104,USA
-76.74691,37.278125,Trader Joe's; #657,757-259-2135,5000 Settlers Market Blvd,Williamsburg,VA,23188,USA
-76.023884,36.848557,Trader Joe's; #660,757-422-4840,503 Hilltop Plaza,Virginia Beach,VA,23454,USA
-76.513589,37.130173,Trader Joe's; #656,757-890-0235,12551 Jefferson Ave,Newport News,VA,23602,USA
-116.47875,33.786501,Trader Joe's; #118,760-202-0090,67720 East Palm Canyon Dr,Cathedral City,CA,92234,USA
-117.074558,33.100119,Trader Joe's; #105,760-233-4020,1885 S Centre City Pkwy,Escondido,CA,92025,USA
-116.398234,33.727165,Trader Joe's; #003,760-340-2291,44250 Town Center Way,Palm Desert,CA,92260,USA
-117.332015,33.183359,Trader Joe's; #022,760-433-9994,2570 Vista Way,Oceanside,CA,92054,USA
-117.25592,33.127793,Trader Joe's; #220,760-603-8473,2629 Gateway Rd,Carlsbad,CA,92009,USA
-117.256077,33.047336,Trader Joe's; #025,760-634-2114,115 N. El Camino Real,Encinitas,CA,92024,USA
-116.294434,33.711435,Trader Joe's; #189,760-777-1553,46400 Washington St,La Quinta,CA,92253,USA
-93.434752,45.094021,Trader Joe's; #713,763-315-1739,12105 Elm Creek Blvd North,Maple Grove,MN,55369,USA
-84.379745,34.057723,Trader Joe's; #733,770-645-8505,635 W. Crossville Rd,Roswell,GA,30075,USA
-87.675387,41.949592,Trader Joe's; #688,773-248-4920,3745 North Lincoln Ave,Chicago,IL,60613,USA
-87.588516,41.796173,Trader Joe's; #706,773-363-8831,1528 E 55th St,Chicago,IL,60615,USA
-87.64603,41.93288,Trader Joe's; #703,773-935-7255,667 W. Diversey Pkwy,Chicago,IL,60614,USA
-119.774002,39.110285,Trader Joe's; #281,775-267-2486,3790 US Highway 395 South,Carson City,NV,89705,USA
-119.783667,39.477037,Trader Joe's; #082,775-826-1621,5035 S. McCarran Blvd,Reno,NV,89502,USA
-71.021043,42.480319,Trader Joe's; #506,781-231-0369,358 Broadway,Saugus,MA,01906,USA
-71.212495,42.473582,Trader Joe's; #515,781-273-2310,51 Middlesex Turnpike,Burlington,MA,01803,USA
-71.234941,42.29238,Trader Joe's; #504,781-449-6993,958 Highland Ave,Needham,MA,02494,USA
-71.1869,42.425034,Trader Joe's; #505,781-646-9138,1427 Massachusetts Ave,Arlington,MA,02476,USA
-70.925229,42.249346,Trader Joe's; #530,781-740-2038,5 Essington Dr,Hingham,MA,02043,USA
-70.844733,42.146071,Trader Joe's; #513,781-826-5389,1775 Washington St,Hanover,MA,02339,USA
-111.683428,40.27614,Trader Joe's; #352,801-224-1453,440 E Park Ave,Orem,UT,84097,USA
-111.872839,40.760508,Trader Joe's; #350,801-359-2462,634 East 400 South,Salt Lake City,UT,84102,USA
-111.855059,40.624934,Trader Joe's; #351,801-562-3024,6989 S 1300 E,Cottonwood Heights,UT,84047,USA
-73.180769,44.463967,Trader Joe's; #527,802-658-4500,200 Dorset St,South Burlington,VT,05403,USA
-80.972585,34.020301,Trader Joe's; #753,803-790-2404,4516 Forest DR,Columbia,SC,29206,USA
-77.603828,37.649639,Trader Joe's; #659,804-360-4098,11331 W Broad St,Glen Allen,VA,23060,USA
-118.953064,34.180914,Trader Joe's; #243,805-375-1984,125 N Reino Rd,Thousand Oaks,CA,91320,USA
-119.050865,34.219789,Trader Joe's; #114,805-388-1925,363 Carmen Dr,Camarillo,CA,93010,USA
-120.715948,35.541934,Trader Joe's; #211,805-434-9562,1111 Rossi Rd,Templeton,CA,93465,USA
-120.59472,35.126564,Trader Joe's; #117,805-474-6114,955 Rancho Parkway,Arroyo Grande,CA,93420,USA
-118.869239,34.218138,Trader Joe's; #196,805-492-7107,451 Avenida De Los Arboles,Thousand Oaks,CA,91360,USA
-118.826873,34.163348,Trader Joe's; #058,805-494-5040,3835 E. Thousand Oaks Blvd,Westlake Village,CA,91362,USA
-118.739253,34.279137,Trader Joe's; #030,805-520-3135,2975-A Cochran St,Simi Valley,CA,93065,USA
-119.682367,34.424207,Trader Joe's; #059,805-560-1182,222 N Milpas St,Santa Barbara,CA,93103,USA
-119.729073,34.439095,Trader Joe's; #183,805-563-7383,3025 De La Vina St,Santa Barbara,CA,93105,USA
-119.21104,34.257781,Trader Joe's; #045,805-650-9977,1795 South Victoria Ave,Ventura,CA,93003,USA
-119.247483,34.271723,Trader Joe's; #218,805-658-2664,103 S. Mills Road Suite 104,Ventura,CA,93003,USA
-119.824507,34.441209,Trader Joe's; #110,805-692-2234,5767 Calle Real,Goleta,CA,93117,USA
-120.675052,35.244276,Trader Joe's; #041,805-783-2780,3977 South Higuera St,San Luis Obispo,CA,93401,USA
-120.419595,34.937964,Trader Joe's; #239,805-925-1657,1303 S Bradley Rd,Santa Maria,CA,93454,USA
-82.506699,27.93729,Trader Joe's; #766,813-872-6846,3808 W Swann Ave,Tampa,FL,33609,USA
-80.199471,40.674465,Trader Joe's; #629,814-234-2224,243 Patriot Ln,State College,PA,16803,USA
-94.605686,38.972003,Trader Joe's; #720,816-333-5322,8600 Ward Pkwy,Kansas City,MO,64114,USA
-97.129232,32.940974,Trader Joe's; #406,817-251-0360,1492 E Southlake Blvd,Southlake,TX,76092,USA
-97.387497,32.73423,Trader Joe's; #404,817-922-9107,2701 Hulen Street,Fort Worth,TX,76107,USA
-118.579666,34.257967,Trader Joe's; #184,818-341-3010,10330 Mason Ave,Chatsworth,CA,91311,USA
-118.623565,34.19303,Trader Joe's; #050,818-347-2591,6751 Fallbrook Ave,West Hills,CA,91307,USA
-118.502033,34.272464,Trader Joe's; #044,818-368-6461,11114 Balboa Blvd,Granada Hills,CA,91344,USA
-118.254853,34.159238,Trader Joe's; #053,818-507-8192,103 E Glenoaks Blvd,Glendale,CA,91207,USA
-118.392253,34.143159,Trader Joe's; #122,818-509-0168,11976 Ventura Blvd,Studio City,CA,91604,USA
-118.64469,34.15583,Trader Joe's; #254,818-591-6758,23741 Calabasas Rd,Calabasas,CA,91302,USA
-118.592232,34.167572,Trader Joe's; #209,818-712-9475,21055 Ventura Blvd,Woodland Hills,CA,91364,USA
-118.351894,34.152063,Trader Joe's; #054,818-762-2787,10130 Riverside Dr,Toluca Lake,CA,91602,USA
-118.397522,34.186199,Trader Joe's; #252,818-762-2963,6130 Laurel Canyon Blvd,North Hollywood,CA,91606,USA
-118.440686,34.157737,Trader Joe's; #049,818-789-2771,14119 Riverside Dr,Sherman Oaks,CA,91423,USA
-118.188533,34.199355,Trader Joe's; #042,818-790-6373,475 Foothill Blvd,La Canada,CA,91011,USA
-118.299521,34.174563,Trader Joe's; #124,818-848-4299,214 E Alameda,Burbank,CA,91502,USA
-118.755406,34.145932,Trader Joe's; #247,818-865-8217,28941 Canwood St,Agoura Hills,CA,91301,USA
-118.231322,34.206529,Trader Joe's; #052,818-957-3613,2462 Honolulu Avenue,Montrose,CA,91020,USA
-118.517259,34.172162,Trader Joe's; #056,818-990-7751,17640 Burbank Blvd,Encino,CA,91316,USA
-82.553467,35.60313,Trader Joe's; #740,828-232-5078,120 Merrimon Ave,Asheville,NC,28801,USA
-121.894229,36.596718,Trader Joe's; #204,831-372-2010,570 Munras Ave,Monterey,CA,93940,USA
-122.025402,36.974636,Trader Joe's; #193,831-425-0140,700 Front St,Santa Cruz,CA,95060,USA
-121.970162,36.977782,Trader Joe's; #064,831-464-0115,3555 Clares St,Capitola,CA,95010,USA
-121.92162,36.605895,Trader Joe's; #079,831-656-0180,1170 Forest Ave,Pacific Grove,CA,93950,USA
-79.887098,32.804872,Trader Joe's; #752,843-884-4037,401 Johnnie Dodds Blvd,Mt. Pleasant,SC,29464,USA
-87.982599,42.113871,Trader Joe's; #687,847- 506-0752,17 W. Rand Rd,Arlington Heights,IL,60004,USA
-87.832578,42.013012,Trader Joe's; #698,847-292-1108,190 North Northwest Hwy,Park Ridge,IL,60068,USA
-87.799512,42.149489,Trader Joe's; #682,847-498-9076,127 Skokie Blvd,Northbrook,IL,60062,USA
-88.109038,42.190209,Trader Joe's; #684,847-550-7827,735 West Main St,Lake Zurich,IL,60047,USA
-88.044226,42.050541,Trader Joe's; #705,847-619-0095,1426 E Golf Rd,Schaumburg,IL,60173,USA
-87.798214,42.080283,Trader Joe's; #681,847-657-7821,1407 Waukegan Rd,Glenview,IL,60025,USA
-87.948055,42.255321,Trader Joe's; #704,847-680-1739,1600 S Milwaukee Ave,Libertyville,IL,60048,USA
-87.680084,42.039944,Trader Joe's; #702,847-733-0690,1211 Chicago Ave,Evanston,IL,60202,USA
-88.335798,42.151891,Trader Joe's; #699,847-854-4886,1800 S. Randall Rd,Algonquin,IL,60102,USA
-84.250038,30.503628,Trader Joe's; #763,850-894-2538,3425 Thomasville Rd,Tallahassee,FL,32309,USA
-74.923558,39.888217,Trader Joe's; #631,856-988-3323,300 P Rte 73 S,Marlton,NJ,08053,USA
-117.233558,32.865581,Trader Joe's; #020,858-546-8629,8657 Villa La Jolla Dr,La Jolla,CA,92037,USA
-117.113878,32.913887,Trader Joe's; #221,858-549-9185,9850 Hibert St,San Diego,CA,92131,USA
-117.240065,32.799984,Trader Joe's; #021,858-581-9101,1640 Garnet Ave,San Diego,CA,92109,USA
-117.076335,32.982222,Trader Joe's; #023,858-673-0526,11955 Carmel Mountain Rd,San Diego,CA,92128,USA
-117.190905,32.961381,Trader Joe's; #223,858-755-7130,13480 Highlands Pl,San Diego,CA,92130,USA
-84.518733,38.005174,Trader Joe's; #626,859-277-0144,2320 Nicholasville RD,Lexington,KY,40503,USA
-84.51882,38.005111,Trader Joe's; #627,859-313-5030,2326 Nicholasville Rd,Lexington,KY,40503,USA
-72.760106,41.723334,Trader Joe's; #526,860-561-4771,1489 New Britain Ave,West Hartfield,CT,06110,USA
-72.559338,41.804941,Trader Joe's; #563,860-644-3182,1510 Pleasant Valley Rd,Manchester,CT,06042,USA
-82.306951,34.829022,Trader Joe's; #751,864-286-0231,59 Woodruff Industrial Ln,Greenville,SC,29607,USA
-84.045985,35.925436,Trader Joe's; #663,865-670-4088,8001 Kingston Pike,Knoxville,TN,37919,USA
-89.801392,35.091076,Trader Joe's; #738,901-759-2803,2130 Exeter Rd,Germantown,TN,38138,USA
-81.388116,30.25715,Trader Joe's; #760,904-241-1770,4180 S 3rd St,Jacksonville Beach,FL,32250,USA
-81.63,30.17408,Trader Joe's; #769,904-880-0582,11112 San Jose Blvd,Jacksonville,FL,32223,USA
-74.350136,40.65197,Trader Joe's; #601,908-301-0910,155 Elm St,Westfield,NJ,07090,USA
-117.82392,34.106463,Trader Joe's; #028,909-305-4757,856 Arrow Hwy,San Dimas,CA,91773,USA
-117.575654,34.137417,Trader Joe's; #217,909-476-1410,6401 Haven Ave,Rancho Cucamonga,CA,91737,USA
-117.721795,34.107222,Trader Joe's; #214,909-625-8784,475 W. Foothill Blvd,Claremont,CA,91711,USA
-117.732508,34.000375,Trader Joe's; #216,909-627-1404,13911 Peyton Dr,Chino Hills,CA,91709,USA
-117.182433,34.060109,Trader Joe's; #099,909-798-3888,552 Orange Street Plaza,Redlands,CA,92374,USA
-77.885994,34.210968,Trader Joe's; #747,910-395-5173,1437 S College Rd,Wilmington,NC,28403,USA
-94.634589,38.912909,Trader Joe's; #723,913-327-7209,4201 West 119th ST,Leawood,KS,66209,USA
-73.805919,40.971208,Trader Joe's; #531,914-472-2988,727 White Plains Rd,Scarsdale,NY,10583,USA
-73.746451,40.937383,Trader Joe's; #532,914-833-9110,1260 Boston Post Rd,Larchmont,NY,10538,USA
-73.792587,41.024939,Trader Joe's; #533,914-997-1960,215 N. Central Ave,Hartsdale,NY,10530,USA
-121.444673,38.560827,Trader Joe's; #175,916-456-1853,5000 Folsom Blvd,Sacramento,CA,95819,USA
-121.399373,38.618137,Trader Joe's; #070,916-481-8797,2625 Marconi Ave,Sacramento,CA,95821,USA
-121.419915,38.406511,Trader Joe's; #190,916-686-9980,9670 Bruceville Rd,Elk Grove,CA,95757,USA
-121.274686,38.744137,Trader Joe's; #080,916-784-9084,1117 Roseville Square,Roseville,CA,95678,USA
-121.158877,38.671252,Trader Joe's; #172,916-817-8820,850 East Bidwell,Folsom,CA,95630,USA
-121.272377,38.66239,Trader Joe's; #071,916-863-1744,5309 Sunrise Blvd,Fair Oaks,CA,95628,USA
-95.976288,36.109371,Trader Joe's; #460,918-712-9768,3702 S Peoria Ave,Tulsa,OK,74105,USA
-78.78293,35.758502,Trader Joe's; #741,919-465-5984,1393 Kildaire Farms Rd,Cary,NC,27511,USA
-79.02659,35.936518,Trader Joe's; #745,919-918-7871,1800 E. Franklin St,Chapel Hill,NC,27514,USA
-78.621964,35.823621,Trader Joe's; #746,919-981-7422,3000 Wake Forest Rd,Raleigh,NC,27609,USA
-121.782253,37.679097,Trader Joe's; #208,925-243-1947,1122-A East Stanley Blvd,Livermore,CA,94550,USA
-121.951942,37.764229,Trader Joe's; #246,925-275-8140,300 Market Place,San Ramon,CA,94583,USA
-122.126748,37.890862,Trader Joe's; #115,925-299-9344,3649 Mt. Diablo Blvd,Lafayette,CA,94549,USA
-121.870255,37.699837,Trader Joe's; #066,925-468-0763,3903 Santa Rita Rd,Pleasanton,CA,94588,USA
-121.7497,37.961486,Trader Joe's; #201,925-516-3044,5451 Lone Tree Way,Brentwood,CA,94513,USA
-122.024145,37.937471,Trader Joe's; #083,925-521-1134,785 Oak Grove Rd,Concord,CA,94518,USA
-122.057296,37.979567,Trader Joe's; #060,925-689-2990,1150 Concord Ave,Concord,CA,94520,USA
-122.002753,37.822917,Trader Joe's; #065,925-838-5757,85 Railroad Ave,Danville,CA,94526,USA
-118.3641,34.1038,Trader Joe's; #123,925-945-1674,1372 S California Blvd,Walnut Creek,CA,94596,USA
-112.405385,34.548978,Trader Joe's; #283,928-443-9075,252 Lee Blvd Prescott,Prescott,AZ,86303,USA
-84.165339,39.689243,Trader Joe's; #673,937-294-5411,328 East Stroop Rd,Kettering,OH,45429,USA
-82.530022,27.294762,Trader Joe's; #761,941-922-5727,4101 S Tamiami Trail,Sarasota,FL,34231,USA
-117.65242,33.459319,Trader Joe's; #016,949-240-9996,638 Camino de los Mares,San Clemente,CA,92673,USA
-117.696777,33.493354,Trader Joe's; #103,949-493-8599,32351 Street of the Golden Lantern,Laguna Niguel,CA,92677,USA
-117.831102,33.568603,Trader Joe's; #125,949-494-7404,8086 Pacific Coast Hwy,Newport Beach,CA,92657,USA
-117.66263,33.496198,Trader Joe's; #249,949-496-4150,32151 Camino Capistrano,San Juan Capistrano,CA,92675,USA
-117.839455,33.649281,Trader Joe's; #111,949-509-6138,4225 Campus Dr,Irvine,CA,92612,USA
-117.741519,33.700564,Trader Joe's; #210,949-551-6402,6222 Irvine Blvd,Irvine,CA,92620,USA
-117.659058,33.592774,Trader Joe's; #126,949-581-5638,25410 Marguerite Pkwy,Mission Viejo,CA,92692,USA
-121.049734,37.686103,Trader Joe's; #009,949-581-5638,3250 Dale Rd,Modesto,CA,95356,USA
-117.703216,33.609434,Trader Joe's; #039,949-586-8453,24231 Avenida de la Carlota,Laguna Hills,CA,92653,USA
-117.925227,33.636337,Trader Joe's; #035,949-642-5134,640 West 17th St,Costa Mesa,CA,92627,USA
-117.724285,33.57782,Trader Joe's; #195,949-643-5531,26541 Aliso Creek Rd,Aliso Viejo,CA,92656,USA
-117.787137,33.705656,Trader Joe's; #037,949-857-8108,14443 Culver Dr,Irvine,CA,92604,USA
-117.595724,33.64227,Trader Joe's; #027,949-888-3640,30652 Santa Margarita Pkwy,Rancho Santa Margarita,CA,92688,USA
-117.156241,33.527944,Trader Joe's; #102,951-296-9964,40665 Winchester Rd,Temecula,CA,92591,USA
-117.506022,33.812554,Trader Joe's; #213,951-603-0299,2790 Cabot Dr,Corona,CA,92883,USA
-117.388164,33.955869,Trader Joe's; #015,951-682-4684,6225 Riverside Plaza,Riverside,CA,92506,USA
-93.337169,44.934532,Trader Joe's; #710,952-285-1053,4500 Excelsior Blvd,St. Louis Park,MN,55416,USA
-93.421862,44.972977,Trader Joe's; #714,952-417-9080,11220 Wayzata Blvd,Minnetonka,MN,55305,USA
-93.332952,44.858776,Trader Joe's; #724,952-835-8640,4270 W 78th St,Bloomington,MN,55435,USA
-80.308327,26.00765,Trader Joe's; #775,954-432-0405,11960 Pines Blvd,Pembroke Pines,FL,33026,USA
-80.25118,26.09273,Trader Joe's; #778,954-512-2968,2296 S University Dr,Davie,FL,33324,USA
-80.119286,26.147276,Trader Joe's; #776,954-537-3585,1560 N Federal Hwy,Fort Lauderdale,FL,33304,USA
-105.076515,40.541637,Trader Joe's; #304,970-223-3560,3500 S College Ave,Fort Collins,CO,80525,USA
-122.694974,45.526163,Trader Joe's; #146,971-544-0788,2122 N.W. Glisan,Portland,OR,97210,USA
-96.801453,32.950497,Trader Joe's; #407,972-239-3901,14856 Preston Rd,Dallas,TX,75254,USA
-96.794822,33.028548,Trader Joe's; #402,972-312-9538,2400 Preston Road Ste 200,Plano,TX,75093,USA
-74.295561,40.723121,Trader Joe's; #609,973-218-0912,187 Millburn Ave,Millburn,NJ,07041,USA
-74.39206,40.788482,Trader Joe's; #604,973-377-0679,176 Columbia Turnpike,Florham Park,NJ,07932,USA
-74.506989,40.866619,Trader Joe's; #617,973-537-3672,3056 SR 10 W,Denville,NJ,07834,USA
-74.241633,40.960698,Trader Joe's; #603,973-692-0050,1172 Hamburg Turnpike,Wayne,NJ,07470,USA
-74.151928,40.83748,Trader Joe's; #610,973-777-5020,259 Allwood Rd,Clifton;432 e,NJ,07012,USA
-71.415409,42.482653,Trader Joe's; #511,978-266-8908,145 Great Rd,Acton,MA,01720,USA
-70.954456,42.549758,Trader Joe's; #516,978-977-5316,300 Andover St,Peabody,MA,01960,USA
-111.925175,33.422398,Trader Joe's; #091,,940 E University Ave,Tempe,AZ,85281,USA
-75.032653,39.926822,Trader Joe's; #613,,775 Haddonfield Rd,Cherry Hill,NJ,08002,USA
